conductor,1840,1850,1860,1870,1880,1890,1900,1910,1920,1930,1940,1950,1960,1970,1980,1990,2000,2010,2020
"Hill, Ureli Corelli",49,0,0,0,0,0,0,0,0,0,0,0,0,0,0,0,0,0,0
"Timm, Henry C.",27,9,0,0,0,0,0,0,0,0,0,0,0,0,0,0,0,0,0
unknown,20,34,36,84,23,67,109,258,144,174,254,133,179,148,402,946,1435,2085,172
"Etienne, Denis G.",6,0,0,0,0,0,0,0,0,0,0,0,0,0,0,0,0,0,0
"Alpers, William",12,0,0,0,0,0,0,0,0,0,0,0,0,0,0,0,0,0,0
Not conducted,8,0,0,0,0,0,0,0,0,0,25,24,0,3,3,2,5,6,0
"Boucher, Alfred",14,0,0,0,0,0,0,0,0,0,0,0,0,0,0,0,0,0,0
"Loder, George",68,11,0,0,0,0,0,0,0,0,0,0,0,0,0,0,0,0,0
"Wiegers, Louis",5,0,0,0,0,0,0,0,0,0,0,0,0,0,0,0,0,0,0
"Macfarren, George Alexander;  Loder, George",10,0,0,0,0,0,0,0,0,0,0,0,0,0,0,0,0,0,0
"Eisfeld, Theodore",29,225,117,0,0,0,0,0,0,0,0,0,0,0,0,0,0,0,0
"Maretzek, Max",4,0,0,0,0,0,0,0,0,0,0,0,0,0,0,0,0,0,0
"Bergmann, Carl",0,95,263,209,0,0,0,0,0,0,0,0,0,0,0,0,0,0,0
"Bristow, George Frederick",0,0,21,0,0,0,0,0,0,0,0,0,0,0,0,0,0,0,0
"Rubinstein, Anton",0,0,0,1,0,0,0,0,0,0,0,0,0,0,0,0,0,0,0
"Bergmann, Carl;  Neuendorff, Adolph",0,0,0,3,0,0,0,0,0,0,0,0,0,0,0,0,0,0,0
"Matzka, George",0,0,0,13,0,0,0,0,0,0,0,0,0,0,0,0,0,0,0
"Damrosch, Leopold",0,0,0,110,192,0,0,0,0,0,0,0,0,0,0,0,0,0,0
"Schmelz, Reinhard",0,0,0,4,0,0,0,0,0,0,0,0,0,0,0,0,0,0,0
"Thomas, Theodore",0,0,0,71,337,33,0,0,0,0,0,0,0,0,0,0,0,0,0
"Neuendorff, Adolph",0,0,0,37,0,0,0,0,0,0,0,0,0,0,0,0,0,0,0
"Damrosch, Walter",0,0,0,0,230,512,1978,1933,1179,22,14,0,0,0,0,0,0,0,0
"Damrosch, Leopold;  Bruch, Max",0,0,0,0,2,0,0,0,0,0,0,0,0,0,0,0,0,0,0
"Bruch, Max",0,0,0,0,1,0,0,0,0,0,0,0,0,0,0,0,0,0,0
"Tchaikovsky, Pyotr Ilyich",0,0,0,0,0,7,0,0,0,0,0,0,0,0,0,0,0,0,0
"Damrosch, Walter;  Tchaikovsky, Pyotr Ilyich",0,0,0,0,0,1,0,0,0,0,0,0,0,0,0,0,0,0,0
"Seidl, Anton",0,0,0,0,0,260,0,0,0,0,0,0,0,0,0,0,0,0,0
"Seidl, Anton;  Dvorak, Antonín",0,0,0,0,0,1,0,0,0,0,0,0,0,0,0,0,0,0,0
"Dvorak, Antonín",0,0,0,0,0,5,0,0,0,0,0,0,0,0,0,0,0,0,0
"Van Der Stucken, Frank",0,0,0,0,0,16,0,0,0,0,0,0,0,0,0,0,0,0,0
"Henschel, George",0,0,0,0,0,2,0,0,0,0,0,0,0,0,0,0,0,0,0
"Damrosch, Frank",0,0,0,0,0,86,314,10,1,0,0,0,0,0,0,0,0,0,0
"Bimboni, Alberto",0,0,0,0,0,1,0,0,0,0,0,0,0,0,0,0,0,0,0
Unknown,0,0,0,0,0,21,0,0,0,0,0,0,0,0,0,0,0,0,0
"Paur, Emil",0,0,0,0,0,80,86,0,0,0,0,0,0,0,0,0,0,0,0
"Burckhardt, J.",0,0,0,0,0,0,2,0,0,0,0,0,0,0,0,0,0,0,0
"Bullerjahn, Rudolph",0,0,0,0,0,0,9,0,0,0,0,0,0,0,0,0,0,0,0
"Sapio, Romualdo",0,0,0,0,0,0,12,0,0,0,0,0,0,0,0,0,0,0,0
"Colonne, Edouard",0,0,0,0,0,0,21,0,0,0,0,0,0,0,0,0,0,0,0
"Kogel, Gustav Friedrich",0,0,0,0,0,0,20,0,0,0,0,0,0,0,0,0,0,0,0
"Wood, Henry Joseph",0,0,0,0,0,0,5,0,0,0,0,0,0,0,0,0,0,0,0
"Herbert, Victor",0,0,0,0,0,0,19,0,0,0,0,0,0,0,0,0,0,0,0
"Weingartner, Felix",0,0,0,0,0,0,40,0,0,0,0,0,0,0,0,0,0,0,0
"Safonoff, Wassily",0,0,0,0,0,0,154,0,0,0,0,0,0,0,0,0,0,0,0
"Strauss, Richard",0,0,0,0,0,0,6,0,20,0,0,0,0,0,0,0,0,0,0
"Ysaye, Eugène",0,0,0,0,0,0,3,0,0,0,0,0,0,0,0,0,0,0,0
"D'Albert, Eugen",0,0,0,0,0,0,2,0,0,0,0,0,0,0,0,0,0,0,0
"Panzner, Karl",0,0,0,0,0,0,6,0,0,0,0,0,0,0,0,0,0,0,0
"Mengelberg, Willem",0,0,0,0,0,0,4,0,1611,0,0,0,0,0,0,0,0,0,0
"Fiedler, Max",0,0,0,0,0,0,6,0,0,0,0,0,0,0,0,0,0,0,0
"Kunwald, Ernst",0,0,0,0,0,0,7,0,0,0,0,0,0,0,0,0,0,0,0
"Steinbach, Fritz",0,0,0,0,0,0,5,0,0,0,0,0,0,0,0,0,0,0,0
"Arens, Franz X.",0,0,0,0,0,0,8,0,0,0,0,0,0,0,0,0,0,0,0
"German, Edward",0,0,0,0,0,0,2,0,0,0,0,0,0,0,0,0,0,0,0
"Reyl, Emil",0,0,0,0,0,0,2,0,0,0,0,0,0,0,0,0,0,0,0
"Mahler, Gustav",0,0,0,0,0,0,224,211,0,0,0,0,0,0,0,0,0,0,0
"Claassen, Arthur;  Damrosch, Walter",0,0,0,0,0,0,9,0,0,0,0,0,0,0,0,0,0,0,0
"Stahlberg, Fritz",0,0,0,0,0,0,1,4,0,0,0,0,0,0,0,0,0,0,0
"Hadley, Henry",0,0,0,0,0,0,0,4,541,6,0,0,0,0,0,0,0,0,0
"Spiering, Theodore",0,0,0,0,0,0,0,93,0,0,0,0,0,0,0,0,0,0,0
"Busoni, Ferruccio B.",0,0,0,0,0,0,0,1,0,0,0,0,0,0,0,0,0,0,0
"Kronold, Hans",0,0,0,0,0,0,0,1,0,0,0,0,0,0,0,0,0,0,0
"Stransky, Josef",0,0,0,0,0,0,0,4743,1253,0,0,0,0,0,0,0,0,0,0
"Broome, Edward",0,0,0,0,0,0,0,6,0,0,0,0,0,0,0,0,0,0,0
"Harris, Victor",0,0,0,0,0,0,0,4,0,0,0,0,0,0,0,0,0,0,0
"Damrosch, Walter;  Harris, Victor;  Chadwick, George Whitefield",0,0,0,0,0,0,0,1,0,0,0,0,0,0,0,0,0,0,0
"Chadwick, George Whitefield",0,0,0,0,0,0,0,1,0,0,0,0,0,0,0,0,0,0,0
"Boyle, George Frederick",0,0,0,0,0,0,0,3,0,0,0,0,0,0,0,0,0,0,0
"Schindler, Kurt",0,0,0,0,0,0,0,25,13,0,0,0,0,0,0,0,0,0,0
"Nowowiejski, Felix",0,0,0,0,0,0,0,1,0,0,0,0,0,0,0,0,0,0,0
"Schulz, Leo",0,0,0,0,0,0,0,1,1,0,0,0,0,0,0,0,0,0,0
"Elsenheimer, Nicholas",0,0,0,0,0,0,0,1,0,0,0,0,0,0,0,0,0,0,0
"Stransky, Josef;  Broome, Edward;  Knight, G. H.",0,0,0,0,0,0,0,1,0,0,0,0,0,0,0,0,0,0,0
"Damrosch, Walter;  Schindler, Kurt",0,0,0,0,0,0,0,6,0,0,0,0,0,0,0,0,0,0,0
"Kolar, Victor",0,0,0,0,0,0,0,59,0,0,0,0,0,0,0,0,0,0,0
"Burck, Henry",0,0,0,0,0,0,0,1,0,0,0,0,0,0,0,0,0,0,0
"Laucella, Nicola",0,0,0,0,0,0,0,1,0,0,0,0,0,0,0,0,0,0,0
"Mees, Arthur",0,0,0,0,0,0,0,2,0,0,0,0,0,0,0,0,0,0,0
"Hall, Walter Henry",0,0,0,0,0,0,0,12,0,0,0,0,0,0,0,0,0,0,0
"Koemmenich, Louis",0,0,0,0,0,0,0,6,0,0,0,0,0,0,0,0,0,0,0
"Smith, David Stanley",0,0,0,0,0,0,0,5,1,0,0,0,0,0,0,0,0,0,0
"Rogers, Frederic",0,0,0,0,0,0,0,1,0,0,0,0,0,0,0,0,0,0,0
"Cook, Isaac Milton",0,0,0,0,0,0,0,1,0,0,0,0,0,0,0,0,0,0,0
"Farrow, Miles",0,0,0,0,0,0,0,7,0,0,0,0,0,0,0,0,0,0,0
"Graff, Otto A.",0,0,0,0,0,0,0,6,0,0,0,0,0,0,0,0,0,0,0
"Gabrilowitsch, Ossip",0,0,0,0,0,0,0,5,12,9,0,0,0,0,0,0,0,0,0
"Bloch, Ernest",0,0,0,0,0,0,0,2,0,0,0,0,0,0,0,0,0,0,0
"Wilson, Mortimer",0,0,0,0,0,0,0,1,0,0,0,0,0,0,0,0,0,0,0
"Humiston, William H.",0,0,0,0,0,0,0,3,0,0,0,0,0,0,0,0,0,0,0
"Grainger, Percy",0,0,0,0,0,0,0,3,0,0,0,0,0,0,0,0,0,0,0
"Varese [Varèse], Edgard",0,0,0,0,0,0,0,6,0,0,0,0,0,0,0,0,0,0,0
"Bodanzky, Artur",0,0,0,0,0,0,0,70,115,0,0,0,0,0,0,0,0,0,0
"Ganz, Rudolph",0,0,0,0,0,0,0,1,54,150,396,0,0,0,0,0,0,0,0
"Riesenfeld, Hugo",0,0,0,0,0,0,0,1,0,11,0,0,0,0,0,0,0,0,0
"Pollain, Rene",0,0,0,0,0,0,0,11,83,0,0,0,0,0,0,0,0,0,0
"Willeke, Willem",0,0,0,0,0,0,0,5,6,0,0,0,0,0,0,0,0,0,0
"Foch, Dirk",0,0,0,0,0,0,0,5,0,0,0,0,0,0,0,0,0,0,0
"Rothwell, Walter Henry",0,0,0,0,0,0,0,27,0,0,0,0,0,0,0,0,0,0,0
"Coates, Albert",0,0,0,0,0,0,0,0,377,235,0,0,0,0,0,0,0,0,0
"Webber, Bertram S.",0,0,0,0,0,0,0,0,2,0,0,0,0,0,0,0,0,0,0
"Stransky, Josef;  Hadley, Henry",0,0,0,0,0,0,0,0,5,0,0,0,0,0,0,0,0,0,0
"Indy, Vincent d'",0,0,0,0,0,0,0,0,6,0,0,0,0,0,0,0,0,0,0
"Hoogstraten, Willem van",0,0,0,0,0,0,0,0,2154,769,0,0,0,0,0,0,0,0,0
"Finn, William",0,0,0,0,0,0,0,0,17,0,0,0,0,0,0,0,0,0,0
"Stokowski, Leopold",0,0,0,0,0,0,0,0,1,36,832,21,11,0,0,0,0,0,0
"Fricker, Herbert Austin",0,0,0,0,0,0,0,0,8,0,0,0,0,0,0,0,0,0,0
"Mannes, David",0,0,0,0,0,0,0,0,3,0,0,0,0,0,0,0,0,0,0
"Zeiner, Edward J. A.",0,0,0,0,0,0,0,0,1,0,0,0,0,0,0,0,0,0,0
"Walter, Bruno",0,0,0,0,0,0,0,0,84,407,498,209,0,0,0,0,0,0,0
"Saminsky, Lazare",0,0,0,0,0,0,0,0,3,0,0,0,0,0,0,0,0,0,0
"Bridge, Frank",0,0,0,0,0,0,0,0,1,0,0,0,0,0,0,0,0,0,0
"Stoessel, Albert",0,0,0,0,0,0,0,0,20,8,0,0,0,0,0,0,0,0,0
"Waghalter, Ignatz",0,0,0,0,0,0,0,0,4,0,0,0,0,0,0,0,0,0,0
"Schelling, Ernest",0,0,0,0,0,0,0,0,502,507,0,0,0,0,0,0,0,0,0
"Hanson, Howard",0,0,0,0,0,0,0,0,1,0,12,0,2,0,0,0,0,0,0
"Golschmann, Vladimir",0,0,0,0,0,0,0,0,24,76,88,84,63,0,0,0,0,0,0
"Reiner, Fritz",0,0,0,0,0,0,0,0,199,232,248,12,0,0,0,0,0,0,0
"Volpe, Arnold",0,0,0,0,0,0,0,0,21,2,0,0,0,0,0,0,0,0,0
"Kibalchich, Basile",0,0,0,0,0,0,0,0,8,0,0,0,0,0,0,0,0,0,0
"Furtwangler [Furtwängler], Wilhelm",0,0,0,0,0,0,0,0,264,0,0,0,0,0,0,0,0,0,0
"Stravinsky, Igor",0,0,0,0,0,0,0,0,22,43,29,25,4,0,0,0,0,0,0
"Leginska, Ethel",0,0,0,0,0,0,0,0,5,0,0,0,0,0,0,0,0,0,0
"Vaughn, Clifford",0,0,0,0,0,0,0,0,30,0,0,0,0,0,0,0,0,0,0
"Sokoloff, Nikolai",0,0,0,0,0,0,0,0,77,0,0,0,0,0,0,0,0,0,0
"Goossens, Eugene",0,0,0,0,0,0,0,0,35,0,62,0,0,0,0,0,0,0,0
"Toscanini, Arturo",0,0,0,0,0,0,0,0,612,756,60,0,0,0,0,0,0,0,0
"Klemperer, Otto",0,0,0,0,0,0,0,0,106,152,0,0,0,0,0,0,0,0,0
"Stock, Frederick",0,0,0,0,0,0,0,0,141,7,0,0,0,0,0,0,0,0,0
"Shaeffer, Joseph",0,0,0,0,0,0,0,0,9,0,0,0,0,0,0,0,0,0,0
"Georgesco, Georges",0,0,0,0,0,0,0,0,14,0,0,0,0,0,0,0,0,0,0
"Lange, Hans",0,0,0,0,0,0,0,0,82,449,0,0,0,0,0,0,0,0,0
"Milhaud, Darius",0,0,0,0,0,0,0,0,1,0,6,0,2,0,0,0,0,0,0
"Taylor, Deems",0,0,0,0,0,0,0,0,1,5,3,0,0,0,0,0,0,0,0
"Busch, Fritz",0,0,0,0,0,0,0,0,90,0,43,6,0,0,0,0,0,0,0
"Boergermann, Peter",0,0,0,0,0,0,0,0,7,0,0,0,0,0,0,0,0,0,0
"Monteux, Pierre",0,0,0,0,0,0,0,0,45,0,226,249,16,0,0,0,0,0,0
"Auer, Leopold",0,0,0,0,0,0,0,0,5,0,0,0,0,0,0,0,0,0,0
"Low, Leo",0,0,0,0,0,0,0,0,4,0,0,0,0,0,0,0,0,0,0
"Dubensky, Arkady",0,0,0,0,0,0,0,0,2,3,5,0,0,0,0,0,0,0,0
"Beecham, Thomas",0,0,0,0,0,0,0,0,27,138,28,0,0,0,0,0,0,0,0
"Molinari, Bernardino",0,0,0,0,0,0,0,0,140,63,0,0,0,0,0,0,0,0,0
"Rodzinski, Artur",0,0,0,0,0,0,0,0,9,174,1014,0,0,0,0,0,0,0,0
"Ravel, Maurice",0,0,0,0,0,0,0,0,5,0,0,0,0,0,0,0,1,0,0
"Fried, Oscar",0,0,0,0,0,0,0,0,3,0,0,0,0,0,0,0,0,0,0
"Fernandez Arbos, Enrique",0,0,0,0,0,0,0,0,16,0,0,0,0,0,0,0,0,0,0
"Langley, Allan Lincoln",0,0,0,0,0,0,0,0,1,1,0,0,0,0,0,0,0,0,0
"Johnson, Hall",0,0,0,0,0,0,0,0,65,65,0,0,0,0,0,0,0,0,0
"Harris, Graham",0,0,0,0,0,0,0,0,25,0,0,0,0,0,0,0,0,0,0
"Honegger, Arthur",0,0,0,0,0,0,0,0,3,0,0,0,0,0,0,0,0,0,0
"Krauss, Clemens",0,0,0,0,0,0,0,0,23,0,0,0,0,0,0,0,0,0,0
"Mendoza, David",0,0,0,0,0,0,0,0,30,0,0,13,0,0,0,0,0,0,0
"Gershwin, George",0,0,0,0,0,0,0,0,3,0,0,0,0,0,0,0,0,0,0
"Ormandy, Eugene",0,0,0,0,0,0,0,0,7,69,55,0,0,12,4,0,0,0,0
"Kleiber, Erich",0,0,0,0,0,0,0,0,0,163,0,0,0,0,0,0,0,0,0
"Hoogstraten, Willem van;  Johnson, Hall",0,0,0,0,0,0,0,0,0,1,0,0,0,0,0,0,0,0,0
"Daly, William Merrigan, Jr.",0,0,0,0,0,0,0,0,0,9,0,0,0,0,0,0,0,0,0
"Respighi, Ottorino",0,0,0,0,0,0,0,0,0,9,0,0,0,0,0,0,0,0,0
"Dann, Hollis",0,0,0,0,0,0,0,0,0,8,0,0,0,0,0,0,0,0,0
"Wagenaar, Bernard",0,0,0,0,0,0,0,0,0,1,0,0,0,0,0,0,0,0,0
"Hoogstraten, Willem van;  Wagenaar, Bernard",0,0,0,0,0,0,0,0,0,1,0,0,0,0,0,0,0,0,0
"Labate, Bruno",0,0,0,0,0,0,0,0,0,2,0,0,0,0,0,0,0,0,0
"Cella, Theodore",0,0,0,0,0,0,0,0,0,11,2,0,0,0,0,0,0,0,0
"Coates, Albert;  Cella, Theodore",0,0,0,0,0,0,0,0,0,4,0,0,0,0,0,0,0,0,0
"Dobroven [Dobrowen], Issay Alexandrovich",0,0,0,0,0,0,0,0,0,51,0,0,0,0,0,0,0,0,0
"Barzin, Leon",0,0,0,0,0,0,0,0,0,34,17,0,0,11,0,0,0,0,0
"Kindler, Hans",0,0,0,0,0,0,0,0,0,43,0,0,0,0,0,0,0,0,0
"Lange, Hans;  Johnson, Hall",0,0,0,0,0,0,0,0,0,1,0,0,0,0,0,0,0,0,0
"Whiteman, Paul",0,0,0,0,0,0,0,0,0,26,0,0,0,0,0,0,0,0,0
"Iturbi, Jose",0,0,0,0,0,0,0,0,0,361,33,0,0,0,0,0,0,0,0
"Bamboschek, Giuseppe",0,0,0,0,0,0,0,0,0,4,0,0,0,0,0,0,0,0,0
"Smallens, Alexander",0,0,0,0,0,0,0,0,0,475,850,314,0,0,0,0,0,0,0
"Bennett, Robert Russell",0,0,0,0,0,0,0,0,0,1,0,0,0,0,0,0,0,0,0
"Iturbi, Jose;  Bennett, Robert Russell;  Taylor, Deems",0,0,0,0,0,0,0,0,0,2,0,0,0,0,0,0,0,0,0
"Iturbi, Jose;  Ross, Hugh",0,0,0,0,0,0,0,0,0,1,0,0,0,0,0,0,0,0,0
"Hoffman, Ernst",0,0,0,0,0,0,0,0,0,13,0,0,0,0,0,0,0,0,0
"Janssen, Werner",0,0,0,0,0,0,0,0,0,67,0,0,0,0,0,0,0,0,0
"Hrdliczka, Gertrud",0,0,0,0,0,0,0,0,0,4,0,0,0,0,0,0,0,0,0
"Iturbi, Jose;  Cella, Theodore",0,0,0,0,0,0,0,0,0,2,0,0,0,0,0,0,0,0,0
"Smallens, Alexander;  Sciarretti, Alberto",0,0,0,0,0,0,0,0,0,1,0,0,0,0,0,0,0,0,0
"Harmati, Sandor",0,0,0,0,0,0,0,0,0,14,0,0,0,0,0,0,0,0,0
"Ross, Hugh",0,0,0,0,0,0,0,0,0,4,16,16,10,0,0,0,0,0,0
"Kerby, Paul",0,0,0,0,0,0,0,0,0,30,0,0,0,0,0,0,0,0,0
"Smallens, Alexander;  Sciaretti, Alberto",0,0,0,0,0,0,0,0,0,1,0,0,0,0,0,0,0,0,0
"White, Paul",0,0,0,0,0,0,0,0,0,2,0,0,0,0,0,0,0,0,0
"Barbirolli , John",0,0,0,0,0,0,0,0,0,1251,523,25,12,0,0,0,0,0,0
"Enesco, Georges",0,0,0,0,0,0,0,0,0,132,0,0,0,0,0,0,0,0,0
"Chavez [Chávez], Carlos",0,0,0,0,0,0,0,0,0,26,0,23,8,0,0,0,0,0,0
"Bellison, Simeon",0,0,0,0,0,0,0,0,0,15,0,0,0,0,0,0,0,0,0
"Golschmann, Vladimir;  Camilieri, Lorenzo",0,0,0,0,0,0,0,0,0,10,0,0,0,0,0,0,0,0,0
"Camilieri, Lorenzo",0,0,0,0,0,0,0,0,0,17,0,0,0,0,0,0,0,0,0
"Fuerst, Eugene",0,0,0,0,0,0,0,0,0,3,0,0,0,0,0,0,0,0,0
"Cryer, Jon",0,0,0,0,0,0,0,0,0,2,0,0,0,0,0,0,0,0,0
"Reiner, Fritz;  Cella, Theodore",0,0,0,0,0,0,0,0,0,1,0,0,0,0,0,0,0,0,0
"Raudenbush, George King",0,0,0,0,0,0,0,0,0,42,0,0,0,0,0,0,0,0,0
"Smallens, Alexander;  Grofe, Ferde",0,0,0,0,0,0,0,0,0,1,0,0,0,0,0,0,0,0,0
"Grofe, Ferde",0,0,0,0,0,0,0,0,0,6,0,0,0,0,0,0,0,0,0
"Adler, F. Charles",0,0,0,0,0,0,0,0,0,10,92,0,0,0,0,0,0,0,0
"Piastro, Mishel",0,0,0,0,0,0,0,0,0,3,0,0,0,0,0,0,0,0,0
"Porter, Quincy",0,0,0,0,0,0,0,0,0,1,0,0,0,0,0,0,0,0,0
"Barbirolli , John;  Porter, Quincy",0,0,0,0,0,0,0,0,0,1,0,0,0,0,0,0,0,0,0
"Smallens, Alexander;  Blose, Johann M",0,0,0,0,0,0,0,0,0,1,0,0,0,0,0,0,0,0,0
"Marrow, Macklin",0,0,0,0,0,0,0,0,0,32,0,0,0,0,0,0,0,0,0
"Smallens, Alexander;  Reich, Martin",0,0,0,0,0,0,0,0,0,1,0,0,0,0,0,0,0,0,0
"Freccia, Massimo",0,0,0,0,0,0,0,0,0,131,0,0,0,0,0,0,0,0,0
"Brico, Antonia",0,0,0,0,0,0,0,0,0,6,0,0,0,0,0,0,0,0,0
"Plotnikoff, Eugene",0,0,0,0,0,0,0,0,0,3,4,0,0,0,0,0,0,0,0
"Gutman, Arthur H",0,0,0,0,0,0,0,0,0,1,0,0,0,0,0,0,0,0,0
"Gould, Morton",0,0,0,0,0,0,0,0,0,1,26,22,39,25,0,0,0,0,0
"Stringfield, Lamar",0,0,0,0,0,0,0,0,0,1,0,0,0,0,0,0,0,0,0
"Smallens, Alexander;  Cella, Theodore",0,0,0,0,0,0,0,0,0,1,0,0,0,0,0,0,0,0,0
"Hilsberg, Alexander",0,0,0,0,0,0,0,0,0,11,0,0,0,0,0,0,0,0,0
"Maganini, Quinto",0,0,0,0,0,0,0,0,0,11,0,0,0,0,0,0,0,0,0
"Haubiel, Charles",0,0,0,0,0,0,0,0,0,1,0,0,0,0,0,0,0,0,0
"Vactor, David Van",0,0,0,0,0,0,0,0,0,2,0,0,0,0,0,0,0,0,0
"Barbirolli , John;  Vactor, David Van",0,0,0,0,0,0,0,0,0,1,0,0,0,0,0,0,0,0,0
"Boulanger, Nadia",0,0,0,0,0,0,0,0,0,8,5,0,6,0,0,0,0,0,0
"Sanders, Robert Levine",0,0,0,0,0,0,0,0,0,1,0,0,0,0,0,0,0,0,0
"Kielland, Olav",0,0,0,0,0,0,0,0,0,12,0,0,0,0,0,0,0,0,0
"Marx, Burle",0,0,0,0,0,0,0,0,0,19,0,0,0,0,0,0,0,0,0
"Boult, Adrian",0,0,0,0,0,0,0,0,0,12,17,17,0,0,0,0,0,0,0
"Kurtz, Efrem",0,0,0,0,0,0,0,0,0,57,280,15,10,0,0,0,0,0,0
"Weissmann, Frieder",0,0,0,0,0,0,0,0,0,63,0,0,0,0,0,0,0,0,0
"Kostelanetz, Andre",0,0,0,0,0,0,0,0,0,25,47,483,1191,902,0,0,0,0,0
"O'Connell, Charles",0,0,0,0,0,0,0,0,0,35,19,0,0,0,0,0,0,0,0
"Paray, Paul",0,0,0,0,0,0,0,0,0,12,0,66,25,0,0,0,0,0,0
"Bamberger, Carl",0,0,0,0,0,0,0,0,0,14,0,0,0,0,0,0,0,0,0
"Blant, Josef",0,0,0,0,0,0,0,0,0,6,0,0,0,0,0,0,0,0,0
"Barlow, Howard",0,0,0,0,0,0,0,0,0,15,129,0,0,0,0,0,0,0,0
"Smallens, Alexander;  Marrow, Macklin;  Barlow, Howard",0,0,0,0,0,0,0,0,0,8,0,0,0,0,0,0,0,0,0
"Bliss, Arthur",0,0,0,0,0,0,0,0,0,2,0,0,0,0,0,0,0,0,0
"Adler, Peter Herman",0,0,0,0,0,0,0,0,0,1,23,0,5,0,0,0,0,0,0
"Kurthy, Zoltan",0,0,0,0,0,0,0,0,0,3,2,0,0,0,0,0,0,0,0
"Warnow, Mark",0,0,0,0,0,0,0,0,0,2,21,0,0,0,0,0,0,0,0
"Helfman, Max",0,0,0,0,0,0,0,0,0,2,0,0,0,0,0,0,0,0,0
"McArthur, Edwin",0,0,0,0,0,0,0,0,0,26,11,0,0,0,0,0,0,0,0
"Steinberg, William",0,0,0,0,0,0,0,0,0,26,42,0,217,8,0,0,0,0,0
"Mitropoulos, Dimitri",0,0,0,0,0,0,0,0,0,0,565,2016,0,0,0,0,0,0,0
"Kalman [Kálmán], Emmerich",0,0,0,0,0,0,0,0,0,0,4,0,0,0,0,0,0,0,0
"Straus, Oscar",0,0,0,0,0,0,0,0,0,0,4,0,0,0,0,0,0,0,0
"Alwin, Carl",0,0,0,0,0,0,0,0,0,0,2,0,0,0,0,0,0,0,0
"Stolz, Robert",0,0,0,0,0,0,0,0,0,0,135,32,0,0,0,0,0,0,0
"Montemezzi, Italo",0,0,0,0,0,0,0,0,0,0,2,0,0,0,0,0,0,0,0
"Allers, Franz",0,0,0,0,0,0,0,0,0,0,145,146,193,0,0,0,0,0,0
"Stewart, Reginald",0,0,0,0,0,0,0,0,0,0,19,0,0,0,0,0,0,0,0
"Dixon, Dean",0,0,0,0,0,0,0,0,0,0,18,0,4,22,0,0,0,0,0
"Koussevitzky, Serge",0,0,0,0,0,0,0,0,0,0,21,0,0,0,0,0,0,0,0
"Haufrecht, Herbert",0,0,0,0,0,0,0,0,0,0,2,0,0,0,0,0,0,0,0
"Corigliano, John, Sr.",0,0,0,0,0,0,0,0,0,0,1,0,0,0,0,0,0,0,0
"Maazel, Lorin",0,0,0,0,0,0,0,0,0,0,16,0,89,58,0,0,1548,16,0
"Josten, Werner",0,0,0,0,0,0,0,0,0,0,6,0,0,0,0,0,0,0,0
"Antonini, Alfredo",0,0,0,0,0,0,0,0,0,0,116,259,137,0,0,0,0,0,0
"Dorati, Antal",0,0,0,0,0,0,0,0,0,0,31,0,0,0,0,0,0,0,0
"Zlatin, Mois",0,0,0,0,0,0,0,0,0,0,3,0,0,0,0,0,0,0,0
";  Lawrence, Robert",0,0,0,0,0,0,0,0,0,0,2,0,0,0,0,0,0,0,0
;  Not conducted,0,0,0,0,0,0,0,0,0,0,8,0,0,0,0,0,0,0,0
"Szell, George",0,0,0,0,0,0,0,0,0,0,237,318,127,0,0,0,0,0,0
"Horenstein, Jascha",0,0,0,0,0,0,0,0,0,0,25,0,0,0,0,0,0,0,0
"Steiner, Max",0,0,0,0,0,0,0,0,0,0,18,0,0,0,0,0,0,0,0
"Cooper, Emil",0,0,0,0,0,0,0,0,0,0,22,0,0,0,0,0,0,0,0
"Bernstein, Leonard",0,0,0,0,0,0,0,0,0,0,136,1185,1475,414,100,0,0,0,0
"Beckett, Wheeler",0,0,0,0,0,0,0,0,0,0,51,0,0,0,0,0,0,0,0
"Tansman, Alexandre",0,0,0,0,0,0,0,0,0,0,1,0,0,0,0,0,0,0,0
"LaGuardia, Fiorello",0,0,0,0,0,0,0,0,0,0,6,0,0,0,0,0,0,0,0
"Herrmann, Bernard",0,0,0,0,0,0,0,0,0,0,19,0,0,0,0,0,0,0,0
"Ganz, Rudolph;  Taylor, Deems",0,0,0,0,0,0,0,0,0,0,1,0,0,0,0,0,0,0,0
"Vrooman, Aileen",0,0,0,0,0,0,0,0,0,0,1,0,0,0,0,0,0,0,0
"Fittelberg, Gregor",0,0,0,0,0,0,0,0,0,0,5,0,0,0,0,0,0,0,0
"Foss, Lukas",0,0,0,0,0,0,0,0,0,0,2,5,71,1,12,0,0,0,0
"Strasfogel, Ignace",0,0,0,0,0,0,0,0,0,0,27,0,0,0,0,0,0,0,0
"Johnson, Thor",0,0,0,0,0,0,0,0,0,0,14,4,0,0,0,0,0,0,0
"Sevitzky, Fabien",0,0,0,0,0,0,0,0,0,0,72,0,0,0,0,0,0,0,0
"Schenk, Robert C.",0,0,0,0,0,0,0,0,0,0,3,0,0,0,0,0,0,0,0
"Villa-Lobos, Heitor",0,0,0,0,0,0,0,0,0,0,1,15,0,0,0,0,0,0,0
"Rodzinski, Artur;  Villa-Lobos, Heitor",0,0,0,0,0,0,0,0,0,0,1,0,0,0,0,0,0,0,0
"Thomson, Virgil",0,0,0,0,0,0,0,0,0,0,1,3,0,0,0,0,0,0,0
"Kreutz, Arthur",0,0,0,0,0,0,0,0,0,0,16,0,0,0,0,0,0,0,0
"Windingstad, Ole",0,0,0,0,0,0,0,0,0,0,14,0,0,0,0,0,0,0,0
"Goodman, Al",0,0,0,0,0,0,0,0,0,0,25,0,0,0,0,0,0,0,0
"Romberg, Sigmund",0,0,0,0,0,0,0,0,0,0,97,19,0,0,0,0,0,0,0
"Abravanel, Maurice",0,0,0,0,0,0,0,0,0,0,68,0,0,0,0,0,0,0,0
"Hendl, Walter",0,0,0,0,0,0,0,0,0,0,136,5,0,0,0,0,0,0,0
"Harris, Roy",0,0,0,0,0,0,0,0,0,0,5,0,2,0,0,0,0,0,0
"Rodzinski, Artur;  Hendl, Walter",0,0,0,0,0,0,0,0,0,0,1,0,0,0,0,0,0,0,0
"Fendler, Edvard",0,0,0,0,0,0,0,0,0,0,22,0,0,0,0,0,0,0,0
"Bourdon, Rosario",0,0,0,0,0,0,0,0,0,0,27,0,0,0,0,0,0,0,0
"Bonime, Josef",0,0,0,0,0,0,0,0,0,0,32,0,0,0,0,0,0,0,0
"Broekman, David",0,0,0,0,0,0,0,0,0,0,94,0,0,0,0,0,0,0,0
"Antek, Samuel",0,0,0,0,0,0,0,0,0,0,14,0,0,0,0,0,0,0,0
"Autori, Franco",0,0,0,0,0,0,0,0,0,0,58,256,10,0,0,0,0,0,0
"Parmet, Simon",0,0,0,0,0,0,0,0,0,0,13,0,0,0,0,0,0,0,0
"Forstat, Milton",0,0,0,0,0,0,0,0,0,0,9,25,0,0,0,0,0,0,0
"Bakaleinikoff, Vladimir",0,0,0,0,0,0,0,0,0,0,13,0,0,0,0,0,0,0,0
"Landau, Siefrried",0,0,0,0,0,0,0,0,0,0,14,0,14,0,0,0,0,0,0
"Cortez, Mario",0,0,0,0,0,0,0,0,0,0,18,0,0,0,0,0,0,0,0
"Callinicos, Constantine",0,0,0,0,0,0,0,0,0,0,15,0,0,0,0,0,0,0,0
"Kullmer, Ann",0,0,0,0,0,0,0,0,0,0,17,0,0,0,0,0,0,0,0
"D'Artega, (Alfonso)",0,0,0,0,0,0,0,0,0,0,28,42,0,0,0,0,0,0,0
"Neuman, Herman",0,0,0,0,0,0,0,0,0,0,10,0,0,0,0,0,0,0,0
"Nosco, Henri",0,0,0,0,0,0,0,0,0,0,16,0,0,0,0,0,0,0,0
"Sternberg, Jonathan",0,0,0,0,0,0,0,0,0,0,13,0,0,0,0,0,0,0,0
"Katims, Milton",0,0,0,0,0,0,0,0,0,0,15,0,0,21,0,0,0,0,0
"Katims, Milton;  Steiner, George",0,0,0,0,0,0,0,0,0,0,2,0,0,0,0,0,0,0,0
"Steiner, George",0,0,0,0,0,0,0,0,0,0,1,0,0,0,0,0,0,0,0
"Brummer, Andre",0,0,0,0,0,0,0,0,0,0,12,0,0,0,0,0,0,0,0
"Shefter, Bert",0,0,0,0,0,0,0,0,0,0,26,0,0,0,0,0,0,0,0
"Rudnitsky, Antin",0,0,0,0,0,0,0,0,0,0,4,0,0,0,0,0,0,0,0
"Plotnikoff, Eugene;  Rudnitsky, Antin",0,0,0,0,0,0,0,0,0,0,1,0,0,0,0,0,0,0,0
"Baron, Sydney",0,0,0,0,0,0,0,0,0,0,12,0,0,0,0,0,0,0,0
"Lavalle, Paul",0,0,0,0,0,0,0,0,0,0,42,0,0,0,0,0,0,0,0
"Halasz, Laszlo [László]",0,0,0,0,0,0,0,0,0,0,19,12,0,0,0,0,0,0,0
"Rosenthal, Manuel",0,0,0,0,0,0,0,0,0,0,6,0,0,0,0,0,0,0,0
"Munch, Charles",0,0,0,0,0,0,0,0,0,0,147,0,27,0,0,0,0,0,0
"Schwieger, Hans",0,0,0,0,0,0,0,0,0,0,35,0,5,0,0,0,0,0,0
"Korn, Richard",0,0,0,0,0,0,0,0,0,0,30,0,0,0,0,0,0,0,0
"Zeller, Robert",0,0,0,0,0,0,0,0,0,0,39,0,0,0,0,0,0,0,0
"Walter, Bruno;  Hendl, Walter",0,0,0,0,0,0,0,0,0,0,1,0,0,0,0,0,0,0,0
"Leide, Enrico",0,0,0,0,0,0,0,0,0,0,69,0,0,0,0,0,0,0,0
"Lawrence, Robert",0,0,0,0,0,0,0,0,0,0,13,0,0,0,0,0,0,0,0
"Buketoff, Igor",0,0,0,0,0,0,0,0,0,0,52,193,0,0,0,0,0,0,0
"Reiner, Fritz;  Rachlin, Ezra",0,0,0,0,0,0,0,0,0,0,1,0,0,0,0,0,0,0,0
"Rachlin, Ezra",0,0,0,0,0,0,0,0,0,0,4,0,0,0,0,0,0,0,0
"Kostrukoff, Nicholas",0,0,0,0,0,0,0,0,0,0,11,0,0,0,0,0,0,0,0
"Isola, Salvatore dell'",0,0,0,0,0,0,0,0,0,0,49,258,119,0,0,0,0,0,0
"De Sabata, Victor",0,0,0,0,0,0,0,0,0,0,56,24,0,0,0,0,0,0,0
"Carvalho, Eleazar De",0,0,0,0,0,0,0,0,0,0,15,21,0,0,0,0,0,0,0
"Cork, Frank",0,0,0,0,0,0,0,0,0,0,1,0,0,0,0,0,0,0,0
"Balazs, Frederic",0,0,0,0,0,0,0,0,0,0,6,0,0,0,0,0,0,0,0
"Goberman, Max",0,0,0,0,0,0,0,0,0,0,5,0,0,0,0,0,0,0,0
"Levine, Maurice",0,0,0,0,0,0,0,0,0,0,18,45,39,0,0,0,0,0,0
"MacMillan, Ernest",0,0,0,0,0,0,0,0,0,0,0,5,0,0,0,0,0,0,0
"Rudolf, Max",0,0,0,0,0,0,0,0,0,0,0,67,0,5,0,0,0,0,0
"Engel, Lehman",0,0,0,0,0,0,0,0,0,0,0,20,0,0,0,0,0,0,0
"Cantelli, Guido",0,0,0,0,0,0,0,0,0,0,0,359,0,0,0,0,0,0,0
"Guadagno, Anton Rocco",0,0,0,0,0,0,0,0,0,0,0,6,0,0,0,0,0,0,0
"Heath, Fenno",0,0,0,0,0,0,0,0,0,0,0,3,0,0,0,0,0,0,0
"Paul, Charles",0,0,0,0,0,0,0,0,0,0,0,23,0,0,0,0,0,0,0
"Morrissey, Gibson",0,0,0,0,0,0,0,0,0,0,0,4,0,0,0,0,0,0,0
"Dvonch, Frederick",0,0,0,0,0,0,0,0,0,0,0,65,0,0,0,0,0,0,0
"Schiff, Charles",0,0,0,0,0,0,0,0,0,0,0,10,0,0,0,0,0,0,0
"Schippers, Thomas",0,0,0,0,0,0,0,0,0,0,0,212,119,19,0,0,0,0,0
"Pelletier, Wilfrid",0,0,0,0,0,0,0,0,0,0,0,251,0,0,0,0,0,0,0
"Sherman, Alec",0,0,0,0,0,0,0,0,0,0,0,14,0,0,0,0,0,0,0
"Schuller, Arthur",0,0,0,0,0,0,0,0,0,0,0,5,0,0,0,0,0,0,0
"Machado, Roger",0,0,0,0,0,0,0,0,0,0,0,59,36,0,0,0,0,0,0
"Schuller, Arthur;  Machado, Roger",0,0,0,0,0,0,0,0,0,0,0,1,0,0,0,0,0,0,0
"Rudel, Julius",0,0,0,0,0,0,0,0,0,0,0,143,84,7,0,0,0,0,0
"Frohlich, Otto",0,0,0,0,0,0,0,0,0,0,0,5,0,0,0,0,0,0,0
"Tzincoca, Rémus",0,0,0,0,0,0,0,0,0,0,0,28,0,0,0,0,0,0,0
"Tzincoca, Rémus;  Thomson, Virgil",0,0,0,0,0,0,0,0,0,0,0,1,0,0,0,0,0,0,0
"Kozmo, Tibor",0,0,0,0,0,0,0,0,0,0,0,1,0,0,0,0,0,0,0
"Scherman, Thomas",0,0,0,0,0,0,0,0,0,0,0,182,0,0,0,0,0,0,0
"Thomson, Virgil;  De Paur, Leonard",0,0,0,0,0,0,0,0,0,0,0,5,0,0,0,0,0,0,0
"Rodgers, Richard",0,0,0,0,0,0,0,0,0,0,0,28,1,0,0,0,0,0,0
"Boutnikoff, Ivan",0,0,0,0,0,0,0,0,0,0,0,28,0,0,0,0,0,0,0
"Goldovsky, Boris",0,0,0,0,0,0,0,0,0,0,0,3,0,0,0,0,0,0,0
"Luboshutz, Pierre",0,0,0,0,0,0,0,0,0,0,0,2,0,0,0,0,0,0,0
"Walton, William",0,0,0,0,0,0,0,0,0,0,0,1,14,0,0,0,0,0,0
"Mitropoulos, Dimitri;  Chavez [Chávez], Carlos",0,0,0,0,0,0,0,0,0,0,0,3,0,0,0,0,0,0,0
"Strickland, William",0,0,0,0,0,0,0,0,0,0,0,5,0,0,0,0,0,0,0
"Rudel, Julius;  Not conducted",0,0,0,0,0,0,0,0,0,0,0,2,0,0,0,0,0,0,0
"Mitchell, Howard",0,0,0,0,0,0,0,0,0,0,0,15,0,0,0,0,0,0,0
"Fiorato, Hugo",0,0,0,0,0,0,0,0,0,0,0,8,25,0,0,0,0,0,0
"Rosenstock, Milton",0,0,0,0,0,0,0,0,0,0,0,30,0,0,0,0,0,0,0
"Wallenstein, Alfred",0,0,0,0,0,0,0,0,0,0,0,35,83,0,0,0,0,0,0
"Solti, Georg",0,0,0,0,0,0,0,0,0,0,0,23,9,1,0,4,0,0,0
"Mitropoulos, Dimitri;  Antonini, Alfredo",0,0,0,0,0,0,0,0,0,0,0,1,0,0,0,0,0,0,0
"Markevitch, Igor",0,0,0,0,0,0,0,0,0,0,0,22,0,0,0,0,0,0,0
"Fracht, Albert",0,0,0,0,0,0,0,0,0,0,0,16,0,0,0,0,0,0,0
"Cluytens, André",0,0,0,0,0,0,0,0,0,0,0,47,0,0,0,0,0,0,0
"Previtali, Fernando",0,0,0,0,0,0,0,0,0,0,0,34,0,0,0,0,0,0,0
"Simila, Martti",0,0,0,0,0,0,0,0,0,0,0,10,0,0,0,0,0,0,0
"Copland, Aaron",0,0,0,0,0,0,0,0,0,0,0,3,39,30,4,0,0,0,0
"Kubelik, Rafael",0,0,0,0,0,0,0,0,0,0,0,30,0,48,74,0,0,0,0
"Mitropoulos, Dimitri;  Kaye, Danny",0,0,0,0,0,0,0,0,0,0,0,2,0,0,0,0,0,0,0
"Kaye, Danny",0,0,0,0,0,0,0,0,0,0,0,8,1,0,20,0,0,0,0
"Ansermet, Ernest",0,0,0,0,0,0,0,0,0,0,0,20,6,0,0,0,0,0,0
"Shaw, Robert",0,0,0,0,0,0,0,0,0,0,0,2,0,8,4,3,0,0,0
"Celebre, John W",0,0,0,0,0,0,0,0,0,0,0,2,0,0,0,0,0,0,0
"Krips, Josef",0,0,0,0,0,0,0,0,0,0,0,52,199,0,0,0,0,0,0
"Matlovsky, Samuel",0,0,0,0,0,0,0,0,0,0,0,34,0,0,0,0,0,0,0
"Karajan, Herbert Von",0,0,0,0,0,0,0,0,0,0,0,11,0,0,0,0,0,0,0
"Fiedler, Arthur",0,0,0,0,0,0,0,0,0,0,0,9,19,15,0,0,0,0,0
"Bass, Warner",0,0,0,0,0,0,0,0,0,0,0,4,0,0,0,0,0,0,0
"Tureck, Rosalyn",0,0,0,0,0,0,0,0,0,0,0,3,0,0,0,0,0,0,0
"Morel, Jean",0,0,0,0,0,0,0,0,0,0,0,2,0,0,0,0,0,0,0
"Bernstein, Leonard;  Foss, Lukas",0,0,0,0,0,0,0,0,0,0,0,1,0,0,0,0,0,0,0
"Schermerhorn, Kenneth",0,0,0,0,0,0,0,0,0,0,0,7,0,14,3,0,0,0,0
"Lipkin, Seymour",0,0,0,0,0,0,0,0,0,0,0,16,0,0,0,0,0,0,0
"Schermerhorn, Kenneth;  Bauer-Mengelberg, Stefan",0,0,0,0,0,0,0,0,0,0,0,1,0,0,0,0,0,0,0
"Bernstein, Leonard;  Bauer-Mengelberg, Stefan",0,0,0,0,0,0,0,0,0,0,0,3,0,0,0,0,0,0,0
"Shanet, Howard",0,0,0,0,0,0,0,0,0,0,0,6,0,0,0,0,0,0,0
"Bertini, Gary",0,0,0,0,0,0,0,0,0,0,0,7,0,0,0,0,0,0,0
"Bauer-Mengelberg, Stefan",0,0,0,0,0,0,0,0,0,0,0,7,3,0,0,0,0,0,0
"Hindemith, Paul",0,0,0,0,0,0,0,0,0,0,0,4,6,0,0,0,0,0,0
"Bernstein, Leonard;  Bauer-Mengelberg, Stefan;  Gamson, Arnold;  Lipkin, Seymour;  Shanet, Howard",0,0,0,0,0,0,0,0,0,0,0,1,0,0,0,0,0,0,0
"Gamson, Arnold",0,0,0,0,0,0,0,0,0,0,0,5,0,0,0,0,0,0,0
"Jenkins, Newell",0,0,0,0,0,0,0,0,0,0,0,9,0,0,0,0,0,0,0
"De Cormier, Robert",0,0,0,0,0,0,0,0,0,0,0,12,0,0,0,0,0,0,0
"Mehta, Zubin",0,0,0,0,0,0,0,0,0,0,0,14,0,457,2646,160,44,1,0
"Stanger, Russell",0,0,0,0,0,0,0,0,0,0,0,3,9,0,0,0,0,0,0
"Barati, George",0,0,0,0,0,0,0,0,0,0,0,1,0,0,0,0,0,0,0
"Millar, Gregory",0,0,0,0,0,0,0,0,0,0,0,0,10,0,0,0,0,0,0
"Shapira, Elyakum",0,0,0,0,0,0,0,0,0,0,0,0,18,0,0,0,0,0,0
"Rosbaud, Hans",0,0,0,0,0,0,0,0,0,0,0,0,13,0,0,0,0,0,0
"Boehm, Karl",0,0,0,0,0,0,0,0,0,0,0,0,27,14,0,0,0,0,0
"Skrowaczewski, Stanislaw",0,0,0,0,0,0,0,0,0,0,0,0,20,58,20,0,4,0,0
"Henderson, Skitch",0,0,0,0,0,0,0,0,0,0,0,0,57,0,0,0,0,0,0
"Krasnopolsky, Yuri",0,0,0,0,0,0,0,0,0,0,0,0,10,0,0,0,0,0,0
"Bernstein, Leonard;  Millar, Gregory",0,0,0,0,0,0,0,0,0,0,0,0,1,0,0,0,0,0,0
"Varga, Laszlo",0,0,0,0,0,0,0,0,0,0,0,0,5,0,0,0,0,0,0
"Ozawa, Seiji",0,0,0,0,0,0,0,0,0,0,0,0,216,37,0,0,0,0,0
"Solomon, Izler",0,0,0,0,0,0,0,0,0,0,0,0,50,0,0,0,0,0,0
"Peress, Maurice",0,0,0,0,0,0,0,0,0,0,0,0,3,0,0,0,0,0,0
"Torkanowsky, Werner",0,0,0,0,0,0,0,0,0,0,0,0,10,0,0,0,0,0,0
"Canarina, John",0,0,0,0,0,0,0,0,0,0,0,0,3,0,0,0,0,0,0
"Ozawa, Seiji;  Peress, Maurice",0,0,0,0,0,0,0,0,0,0,0,0,2,0,0,0,0,0,0
"Craft, Robert",0,0,0,0,0,0,0,0,0,0,0,0,6,0,5,0,0,0,0
"Almeida, Antonio de",0,0,0,0,0,0,0,0,0,0,0,0,5,0,0,0,0,0,0
"Rosenstock, Joseph",0,0,0,0,0,0,0,0,0,0,0,0,47,0,0,0,0,0,0
"Rozsnyai, Zoltan",0,0,0,0,0,0,0,0,0,0,0,0,15,0,0,0,0,0,0
"Fournier, Serge",0,0,0,0,0,0,0,0,0,0,0,0,5,0,0,0,0,0,0
"Calderon, Pedro",0,0,0,0,0,0,0,0,0,0,0,0,7,0,0,0,0,0,0
"Abbado, Claudio",0,0,0,0,0,0,0,0,0,0,0,0,59,9,0,0,0,0,0
"Kosler, Zdenek",0,0,0,0,0,0,0,0,0,0,0,0,5,0,0,0,0,0,0
"Previn, André",0,0,0,0,0,0,0,0,0,0,0,0,18,8,0,163,33,0,0
"Irving, Robert",0,0,0,0,0,0,0,0,0,0,0,0,24,0,0,0,0,0,0
"Boskovsky, Willi",0,0,0,0,0,0,0,0,0,0,0,0,15,0,0,0,0,0,0
"Rosenstock (use 5551), Milton",0,0,0,0,0,0,0,0,0,0,0,0,17,0,0,0,0,0,0
"La Marchina, Robert",0,0,0,0,0,0,0,0,0,0,0,0,4,0,0,0,0,0,0
"Marino, Amerigo",0,0,0,0,0,0,0,0,0,0,0,0,4,0,0,0,0,0,0
"Bernstein, Leonard;  Cage, John;  Tenney, James",0,0,0,0,0,0,0,0,0,0,0,0,1,0,0,0,0,0,0
"Bernstein, Leonard;  Brown, Earle",0,0,0,0,0,0,0,0,0,0,0,0,1,0,0,0,0,0,0
"Schuller, Gunther",0,0,0,0,0,0,0,0,0,0,0,0,3,106,19,0,0,0,0
"Foss, Lukas;  Abbado, Claudio;  Kosler, Zdenek",0,0,0,0,0,0,0,0,0,0,0,0,1,0,0,0,0,0,0
"Sargent, Malcolm",0,0,0,0,0,0,0,0,0,0,0,0,61,0,0,0,0,0,0
"Cliburn, Van",0,0,0,0,0,0,0,0,0,0,0,0,5,0,0,0,0,0,0
"Kirchner, Leon",0,0,0,0,0,0,0,0,0,0,0,0,4,0,0,0,0,0,0
"Wyss, Niklaus",0,0,0,0,0,0,0,0,0,0,0,0,1,0,0,0,0,0,0
"de Waart, Edo",0,0,0,0,0,0,0,0,0,0,0,0,4,0,22,0,0,4,0
"Smith, Lawrence Leighton",0,0,0,0,0,0,0,0,0,0,0,0,3,0,7,0,0,0,0
"DePreist, James",0,0,0,0,0,0,0,0,0,0,0,0,8,22,43,5,0,0,0
"Houtmann, Jacques",0,0,0,0,0,0,0,0,0,0,0,0,5,0,0,0,0,0,0
"Del Carmen, Ricardo",0,0,0,0,0,0,0,0,0,0,0,0,1,0,0,0,0,0,0
"Cleve, George",0,0,0,0,0,0,0,0,0,0,0,0,10,0,0,0,0,0,0
"Dufallo, Richard (John)",0,0,0,0,0,0,0,0,0,0,0,0,8,0,0,0,0,0,0
"Ellington, Duke",0,0,0,0,0,0,0,0,0,0,0,0,4,0,0,0,0,0,0
"Caduff, Sylvia",0,0,0,0,0,0,0,0,0,0,0,0,6,0,0,0,0,0,0
"Lombard, Alain",0,0,0,0,0,0,0,0,0,0,0,0,3,0,0,0,0,0,0
"Gillessen, Walter",0,0,0,0,0,0,0,0,0,0,0,0,10,0,0,0,0,0,0
"Izquierdo, Juan Pablo",0,0,0,0,0,0,0,0,0,0,0,0,6,0,0,0,0,0,0
"de Waart, Edo;  ;  ;  de Waart, Edo",0,0,0,0,0,0,0,0,0,0,0,0,4,0,0,0,0,0,0
"Diamond, David",0,0,0,0,0,0,0,0,0,0,0,0,2,0,0,0,0,0,0
"Kondrashin, Kiril",0,0,0,0,0,0,0,0,0,0,0,0,5,0,0,0,0,0,0
"Dufallo, Richard (John);  Foss, Lukas",0,0,0,0,0,0,0,0,0,0,0,0,1,0,0,0,0,0,0
"Caduff, Sylvia;  Izquierdo, Juan Pablo",0,0,0,0,0,0,0,0,0,0,0,0,1,0,0,0,0,0,0
"Capolongo, Paul",0,0,0,0,0,0,0,0,0,0,0,0,4,0,0,0,0,0,0
"Garcia-Asensio, Enrique",0,0,0,0,0,0,0,0,0,0,0,0,3,0,0,0,0,0,0
"Quach, Helen",0,0,0,0,0,0,0,0,0,0,0,0,2,0,0,0,0,0,0
"Springer, Alois",0,0,0,0,0,0,0,0,0,0,0,0,3,0,0,0,0,0,0
"Fuleihan, Anis",0,0,0,0,0,0,0,0,0,0,0,0,2,0,0,0,0,0,0
"Ančerl, Karel",0,0,0,0,0,0,0,0,0,0,0,0,30,20,0,0,0,0,0
"Ehrling, Sixten",0,0,0,0,0,0,0,0,0,0,0,0,18,6,0,0,0,0,0
"Bernstein, Leonard;  Quach, Helen",0,0,0,0,0,0,0,0,0,0,0,0,1,0,0,0,0,0,0
"Huybrechts, Francois",0,0,0,0,0,0,0,0,0,0,0,0,4,0,0,0,0,0,0
"Delogu, Gaetano",0,0,0,0,0,0,0,0,0,0,0,0,2,0,0,0,0,0,0
"Mechkat, Farhad",0,0,0,0,0,0,0,0,0,0,0,0,2,0,0,0,0,0,0
"Brott, Boris",0,0,0,0,0,0,0,0,0,0,0,0,1,0,0,0,0,0,0
"Berio, Luciano",0,0,0,0,0,0,0,0,0,0,0,0,2,0,12,0,0,0,0
"Davis, Colin",0,0,0,0,0,0,0,0,0,0,0,0,22,0,12,48,109,18,0
"Giulini, Carlo Maria",0,0,0,0,0,0,0,0,0,0,0,0,17,6,0,0,0,0,0
"Seibel, Klauspeter",0,0,0,0,0,0,0,0,0,0,0,0,1,0,0,0,0,0,0
"Endo, Akira",0,0,0,0,0,0,0,0,0,0,0,0,1,0,0,0,0,0,0
"Segal, Uri",0,0,0,0,0,0,0,0,0,0,0,0,3,0,0,0,0,0,0
"Zearott, Michael",0,0,0,0,0,0,0,0,0,0,0,0,1,0,0,0,0,0,0
"Bonavera, Alfredo",0,0,0,0,0,0,0,0,0,0,0,0,10,0,0,0,0,0,0
"Mehmedov, Mesru",0,0,0,0,0,0,0,0,0,0,0,0,1,1,0,0,0,0,0
"Bernstein, Leonard;  Stokowski, Leopold",0,0,0,0,0,0,0,0,0,0,0,0,1,0,0,0,0,0,0
"Boulez, Pierre",0,0,0,0,0,0,0,0,0,0,0,0,29,909,25,2,0,0,0
"Semkow, Georg (Jerzy)",0,0,0,0,0,0,0,0,0,0,0,0,8,4,0,0,0,0,0
"Mechkat, Farhad;  Huybrechts, Francois",0,0,0,0,0,0,0,0,0,0,0,0,1,0,0,0,0,0,0
"Leppard, Raymond",0,0,0,0,0,0,0,0,0,0,0,0,5,12,39,30,0,0,0
"Kertesz (Kertész), István",0,0,0,0,0,0,0,0,0,0,0,0,6,16,0,0,0,0,0
"Fruhbeck de Burgos, Rafael",0,0,0,0,0,0,0,0,0,0,0,0,13,0,0,0,19,34,0
"Gilbert, David",0,0,0,0,0,0,0,0,0,0,0,0,2,66,6,21,0,0,0
"Bender, Philippe",0,0,0,0,0,0,0,0,0,0,0,0,2,4,0,0,0,0,0
"Benzecry, Mario",0,0,0,0,0,0,0,0,0,0,0,0,1,2,0,0,0,0,0
"Ustinov, Peter",0,0,0,0,0,0,0,0,0,0,0,0,1,0,0,0,0,0,0
"Ceccato, Aldo",0,0,0,0,0,0,0,0,0,0,0,0,0,57,0,0,0,0,0
"Barenboim, Daniel",0,0,0,0,0,0,0,0,0,0,0,0,0,58,1,0,2,0,0
"Stockhausen, Karlheinz",0,0,0,0,0,0,0,0,0,0,0,0,0,6,0,0,0,0,0
"Menuhin, Yehudi",0,0,0,0,0,0,0,0,0,0,0,0,0,1,4,0,0,0,0
"Thomas, Michael Tilson",0,0,0,0,0,0,0,0,0,0,0,0,0,126,4,10,0,27,4
"Gielen, Michael",0,0,0,0,0,0,0,0,0,0,0,0,0,24,0,0,0,0,0
"Maderna, Bruno",0,0,0,0,0,0,0,0,0,0,0,0,0,16,0,0,0,0,0
"Brown, Earle;  Maderna, Bruno",0,0,0,0,0,0,0,0,0,0,0,0,0,1,0,0,0,0,0
"Delacôte, Jacques",0,0,0,0,0,0,0,0,0,0,0,0,0,4,0,0,0,0,0
"Levine, James",0,0,0,0,0,0,0,0,0,0,0,0,0,62,4,16,0,0,0
"Thompson, Leon",0,0,0,0,0,0,0,0,0,0,0,0,0,50,5,0,0,0,0
"Piantini, Carlos",0,0,0,0,0,0,0,0,0,0,0,0,0,8,0,0,0,0,0
"Chambers, James",0,0,0,0,0,0,0,0,0,0,0,0,0,1,3,0,0,0,0
"Martinon, Jean",0,0,0,0,0,0,0,0,0,0,0,0,0,5,0,0,0,0,0
"Lewis, Henry",0,0,0,0,0,0,0,0,0,0,0,0,0,12,0,0,0,0,0
"Leinsdorf, Erich",0,0,0,0,0,0,0,0,0,0,0,0,0,524,323,61,0,0,0
"Zinman, David",0,0,0,0,0,0,0,0,0,0,0,0,0,15,13,4,53,35,0
"Ahronovitch, Yuri",0,0,0,0,0,0,0,0,0,0,0,0,0,33,0,0,0,0,0
"Slatkin, Leonard",0,0,0,0,0,0,0,0,0,0,0,0,0,12,97,430,64,48,0
"Davis, Andrew",0,0,0,0,0,0,0,0,0,0,0,0,0,48,92,44,54,34,0
"Klee, Bernhard",0,0,0,0,0,0,0,0,0,0,0,0,0,4,0,0,0,0,0
"Newland, Larry",0,0,0,0,0,0,0,0,0,0,0,0,0,12,98,0,0,0,0
"Conlon, James",0,0,0,0,0,0,0,0,0,0,0,0,0,18,88,10,13,0,0
"Comissiona, Sergiu",0,0,0,0,0,0,0,0,0,0,0,0,0,10,0,0,0,0,0
"Haitink, Bernard",0,0,0,0,0,0,0,0,0,0,0,0,0,17,0,0,0,12,0
"Boulez, Pierre;  Gilbert, David",0,0,0,0,0,0,0,0,0,0,0,0,0,7,0,0,0,0,0
"Caldwell, Sarah",0,0,0,0,0,0,0,0,0,0,0,0,0,9,0,0,0,0,0
"Foster, Lawrence",0,0,0,0,0,0,0,0,0,0,0,0,0,8,4,0,0,0,0
"Norris, Lee",0,0,0,0,0,0,0,0,0,0,0,0,0,6,0,0,0,0,0
"Macal, Zdenek",0,0,0,0,0,0,0,0,0,0,0,0,0,4,4,42,0,0,0
"Akiyama, Kazuyoshi",0,0,0,0,0,0,0,0,0,0,0,0,0,4,0,0,0,0,0
"Lee, Everett",0,0,0,0,0,0,0,0,0,0,0,0,0,7,0,0,0,0,0
"Tennstedt, Klaus",0,0,0,0,0,0,0,0,0,0,0,0,0,33,35,1,0,0,0
"Marriner, Neville",0,0,0,0,0,0,0,0,0,0,0,0,0,22,0,0,6,0,0
"Boulez, Pierre;  Gilbert, David;  Chambers, James;  Newland, Larry",0,0,0,0,0,0,0,0,0,0,0,0,0,1,0,0,0,0,0
"Somogi, Judith",0,0,0,0,0,0,0,0,0,0,0,0,0,7,0,0,0,0,0
"Davies, Dennis Russell",0,0,0,0,0,0,0,0,0,0,0,0,0,9,0,4,0,0,0
"Zukerman, Pinchas",0,0,0,0,0,0,0,0,0,0,0,0,0,31,0,0,3,5,0
"Freeman, Paul",0,0,0,0,0,0,0,0,0,0,0,0,0,9,0,0,0,0,0
"Simmons, Calvin",0,0,0,0,0,0,0,0,0,0,0,0,0,13,0,0,0,0,0
"Borge, Victor",0,0,0,0,0,0,0,0,0,0,0,0,0,9,0,0,0,0,0
"Jochum, Eugen",0,0,0,0,0,0,0,0,0,0,0,0,0,11,0,0,0,0,0
"Schneider, Alexander",0,0,0,0,0,0,0,0,0,0,0,0,0,28,0,0,0,0,0
"Weiskopf, Robert",0,0,0,0,0,0,0,0,0,0,0,0,0,1,0,0,0,0,0
"Gould, Harry E., Jr.",0,0,0,0,0,0,0,0,0,0,0,0,0,2,0,0,0,0,0
"Rostropovich, Mstislav",0,0,0,0,0,0,0,0,0,0,0,0,0,7,4,0,46,0,0
"Jackson, Isaiah",0,0,0,0,0,0,0,0,0,0,0,0,0,7,0,0,0,0,0
"Rozhdestvensky, Gennady",0,0,0,0,0,0,0,0,0,0,0,0,0,15,26,0,0,0,0
"Kostelanetz, Andre;  Wendy, Diane",0,0,0,0,0,0,0,0,0,0,0,0,0,1,0,0,0,0,0
"Wendy, Diane",0,0,0,0,0,0,0,0,0,0,0,0,0,2,0,0,0,0,0
"Mackerras, Charles",0,0,0,0,0,0,0,0,0,0,0,0,0,4,0,0,0,0,0
"Bonynge, Richard",0,0,0,0,0,0,0,0,0,0,0,0,0,17,0,0,0,0,0
"Eschenbach, Christoph",0,0,0,0,0,0,0,0,0,0,0,0,0,8,0,3,44,15,0
"Jarvi (Järvi), Neeme",0,0,0,0,0,0,0,0,0,0,0,0,0,4,0,62,8,3,0
"Buckley, Richard",0,0,0,0,0,0,0,0,0,0,0,0,0,8,0,0,0,0,0
"Weller, Walter",0,0,0,0,0,0,0,0,0,0,0,0,0,4,0,0,0,0,0
"Kojian, Varujan",0,0,0,0,0,0,0,0,0,0,0,0,0,10,1,0,0,0,0
"Nelson, John",0,0,0,0,0,0,0,0,0,0,0,0,0,0,42,0,0,0,0
"Dohnanyi, Christoph von",0,0,0,0,0,0,0,0,0,0,0,0,0,0,35,0,22,35,0
"Masur, Kurt",0,0,0,0,0,0,0,0,0,0,0,0,0,0,42,1750,391,14,0
"Dutoit, Charles",0,0,0,0,0,0,0,0,0,0,0,0,0,0,45,85,66,38,0
"Lanchbery, John",0,0,0,0,0,0,0,0,0,0,0,0,0,0,3,0,0,0,0
"Shostakovich, Maxim",0,0,0,0,0,0,0,0,0,0,0,0,0,0,12,0,0,0,0
"Sinopoli, Giuseppe",0,0,0,0,0,0,0,0,0,0,0,0,0,0,54,8,0,0,0
"Lopez Cobos [López Cobos], Jesus [Jesús]",0,0,0,0,0,0,0,0,0,0,0,0,0,0,10,0,0,0,0
"Lutoslawski, Witold",0,0,0,0,0,0,0,0,0,0,0,0,0,0,2,0,0,0,0
"Weisberg, Arthur",0,0,0,0,0,0,0,0,0,0,0,0,0,0,8,0,0,0,0
"Druckman, Jacob",0,0,0,0,0,0,0,0,0,0,0,0,0,0,3,2,0,0,0
"Keene, Christopher",0,0,0,0,0,0,0,0,0,0,0,0,0,0,9,30,0,0,0
"Sanderling, Kurt",0,0,0,0,0,0,0,0,0,0,0,0,0,0,17,3,0,0,0
"Stulberg, Neal",0,0,0,0,0,0,0,0,0,0,0,0,0,0,5,0,0,0,0
"Bychkov, Semyon",0,0,0,0,0,0,0,0,0,0,0,0,0,0,8,9,8,35,0
"Neumann, Vaclav",0,0,0,0,0,0,0,0,0,0,0,0,0,0,8,0,0,0,0
"Herbig, Gunther",0,0,0,0,0,0,0,0,0,0,0,0,0,0,31,0,0,0,0
"Shallon, David",0,0,0,0,0,0,0,0,0,0,0,0,0,0,4,0,0,0,0
"Henze, Hans Werner",0,0,0,0,0,0,0,0,0,0,0,0,0,0,2,0,0,0,0
"Penderecki, Krzysztof",0,0,0,0,0,0,0,0,0,0,0,0,0,0,7,5,0,0,0
"Sollberger, Harvey",0,0,0,0,0,0,0,0,0,0,0,0,0,0,2,0,0,0,0
"Wuorinen, Charles",0,0,0,0,0,0,0,0,0,0,0,0,0,0,4,0,0,2,0
"Drummond, Dean",0,0,0,0,0,0,0,0,0,0,0,0,0,0,2,0,0,0,0
"Amy, Gilbert",0,0,0,0,0,0,0,0,0,0,0,0,0,0,5,0,0,0,0
"Chung, Myung Whun",0,0,0,0,0,0,0,0,0,0,0,0,0,0,12,4,0,0,0
"Belohlavek, Jiri",0,0,0,0,0,0,0,0,0,0,0,0,0,0,8,0,0,11,0
"Fletcher, Richard",0,0,0,0,0,0,0,0,0,0,0,0,0,0,8,0,0,0,0
"Kruglikov, Felix",0,0,0,0,0,0,0,0,0,0,0,0,0,0,78,0,0,0,0
"Gemignani, Paul",0,0,0,0,0,0,0,0,0,0,0,0,0,0,1,0,46,19,0
"Chailly, Riccardo",0,0,0,0,0,0,0,0,0,0,0,0,0,0,8,0,5,0,0
"Temirkanov, Yuri",0,0,0,0,0,0,0,0,0,0,0,0,0,0,16,37,9,0,0
"Turnovsky, Martin",0,0,0,0,0,0,0,0,0,0,0,0,0,0,4,0,0,0,0
"Hogwood, Christopher",0,0,0,0,0,0,0,0,0,0,0,0,0,0,9,0,0,0,0
"Levine, Gilbert",0,0,0,0,0,0,0,0,0,0,0,0,0,0,5,0,0,0,0
"Stern, Isaac",0,0,0,0,0,0,0,0,0,0,0,0,0,0,2,0,0,0,0
"Pesko (Peskó), Zoltán",0,0,0,0,0,0,0,0,0,0,0,0,0,0,3,0,0,0,0
"Knussen, Oliver",0,0,0,0,0,0,0,0,0,0,0,0,0,0,6,5,0,0,0
"Stern, Michael",0,0,0,0,0,0,0,0,0,0,0,0,0,0,1,0,11,4,0
"Morgan, Michael",0,0,0,0,0,0,0,0,0,0,0,0,0,0,10,5,0,0,0
"Barrett, Michael",0,0,0,0,0,0,0,0,0,0,0,0,0,0,2,3,0,0,0
"Salonen, Esa-Pekka",0,0,0,0,0,0,0,0,0,0,0,0,0,0,7,0,9,69,3
"Schickele, Peter",0,0,0,0,0,0,0,0,0,0,0,0,0,0,4,0,3,0,0
"Hangen, Bruce",0,0,0,0,0,0,0,0,0,0,0,0,0,0,2,0,0,0,0
"Harvey, Raymond",0,0,0,0,0,0,0,0,0,0,0,0,0,0,11,0,0,0,0
"Hegyi, Julius",0,0,0,0,0,0,0,0,0,0,0,0,0,0,3,0,0,0,0
"Leonard, Peter",0,0,0,0,0,0,0,0,0,0,0,0,0,0,2,0,0,0,0
"Nagano, Kent",0,0,0,0,0,0,0,0,0,0,0,0,0,0,4,0,5,0,0
"Domingo, Placido",0,0,0,0,0,0,0,0,0,0,0,0,0,0,1,0,0,1,0
"Mehta, Zubin;  Domingo, Placido",0,0,0,0,0,0,0,0,0,0,0,0,0,0,1,0,0,0,0
"Wolff, Hugh",0,0,0,0,0,0,0,0,0,0,0,0,0,0,22,12,0,0,0
"Levi, Yoel",0,0,0,0,0,0,0,0,0,0,0,0,0,0,8,1,0,0,0
"Flummerfelt, Joseph",0,0,0,0,0,0,0,0,0,0,0,0,0,0,2,16,2,0,0
"Tung, Ling",0,0,0,0,0,0,0,0,0,0,0,0,0,0,9,0,0,0,0
"Rilling, Helmuth",0,0,0,0,0,0,0,0,0,0,0,0,0,0,8,0,46,0,0
"Fuchs, Kenneth",0,0,0,0,0,0,0,0,0,0,0,0,0,0,3,0,0,0,0
"Perick, Christof",0,0,0,0,0,0,0,0,0,0,0,0,0,0,4,0,0,0,0
"Wong, Samuel",0,0,0,0,0,0,0,0,0,0,0,0,0,0,2,45,0,0,0
"Alsop, Marin",0,0,0,0,0,0,0,0,0,0,0,0,0,0,4,6,34,0,5
"Gergiev, Valery",0,0,0,0,0,0,0,0,0,0,0,0,0,0,6,77,41,0,0
"Welser-Möst, Franz",0,0,0,0,0,0,0,0,0,0,0,0,0,0,0,19,4,3,0
"DeRusha, Stanley",0,0,0,0,0,0,0,0,0,0,0,0,0,0,0,1,0,0,0
"Berglund, Paavo",0,0,0,0,0,0,0,0,0,0,0,0,0,0,0,21,0,0,0
"Flor, Claus Peter",0,0,0,0,0,0,0,0,0,0,0,0,0,0,0,10,0,0,0
"Masur, Kurt;  Wong, Samuel",0,0,0,0,0,0,0,0,0,0,0,0,0,0,0,2,0,0,0
"Westerfield, Richard",0,0,0,0,0,0,0,0,0,0,0,0,0,0,0,26,0,0,0
"Ling, Jahja",0,0,0,0,0,0,0,0,0,0,0,0,0,0,0,16,0,0,0
"Magiera, Leone",0,0,0,0,0,0,0,0,0,0,0,0,0,0,0,22,0,0,0
"St. Clair, Carl",0,0,0,0,0,0,0,0,0,0,0,0,0,0,0,6,0,0,0
"Ben-Dor, Gisele",0,0,0,0,0,0,0,0,0,0,0,0,0,0,0,15,0,0,0
"Blomstedt, Herbert",0,0,0,0,0,0,0,0,0,0,0,0,0,0,0,10,0,10,0
"Jansons, Mariss",0,0,0,0,0,0,0,0,0,0,0,0,0,0,0,11,5,0,0
"Masur, Kurt;  Westerfield, Richard",0,0,0,0,0,0,0,0,0,0,0,0,0,0,0,1,0,0,0
"Dunner, Leslie B.",0,0,0,0,0,0,0,0,0,0,0,0,0,0,0,14,0,0,0
"McFerrin, Bobby",0,0,0,0,0,0,0,0,0,0,0,0,0,0,0,88,27,0,0
"Mauceri, John",0,0,0,0,0,0,0,0,0,0,0,0,0,0,0,19,0,0,0
"Thielemann, Christian",0,0,0,0,0,0,0,0,0,0,0,0,0,0,0,19,4,0,0
"Harth-Bedoya, Miguel",0,0,0,0,0,0,0,0,0,0,0,0,0,0,0,5,0,0,0
"Leon, Tania",0,0,0,0,0,0,0,0,0,0,0,0,0,0,0,10,0,0,0
"Gatti, Daniele",0,0,0,0,0,0,0,0,0,0,0,0,0,0,0,8,18,0,0
"Oue, Eiji",0,0,0,0,0,0,0,0,0,0,0,0,0,0,0,5,0,0,0
"Turnbull, Walter J.",0,0,0,0,0,0,0,0,0,0,0,0,0,0,0,79,26,0,0
"Adams, John",0,0,0,0,0,0,0,0,0,0,0,0,0,0,0,8,13,0,0
"Slatkin, Leonard;  Thakar, Markand",0,0,0,0,0,0,0,0,0,0,0,0,0,0,0,1,0,0,0
"Thakar, Markand",0,0,0,0,0,0,0,0,0,0,0,0,0,0,0,6,0,0,0
"Hagegard [Hagegård], Håkon",0,0,0,0,0,0,0,0,0,0,0,0,0,0,0,1,0,0,0
"Lockhart, Keith",0,0,0,0,0,0,0,0,0,0,0,0,0,0,0,9,0,0,0
"Saraste, Jukka-Pekka",0,0,0,0,0,0,0,0,0,0,0,0,0,0,0,4,0,0,0
"Milarsky, Jeffrey",0,0,0,0,0,0,0,0,0,0,0,0,0,0,0,2,0,17,0
"Minczuk, Roberto",0,0,0,0,0,0,0,0,0,0,0,0,0,0,0,10,90,0,0
"Ades [Adès], Thomas",0,0,0,0,0,0,0,0,0,0,0,0,0,0,0,2,0,4,0
"Young, Simone",0,0,0,0,0,0,0,0,0,0,0,0,0,0,0,12,0,6,13
"Muti, Riccardo",0,0,0,0,0,0,0,0,0,0,0,0,0,0,0,8,128,0,0
"Fischer, Ivan [Iván]",0,0,0,0,0,0,0,0,0,0,0,0,0,0,0,4,10,10,0
"Jarvi (Järvi), Paavo",0,0,0,0,0,0,0,0,0,0,0,0,0,0,0,3,0,20,0
"Kreizberg, Yakov",0,0,0,0,0,0,0,0,0,0,0,0,0,0,0,3,0,0,0
"Deak, Jon",0,0,0,0,0,0,0,0,0,0,0,0,0,0,0,15,0,0,0
"Hanson, George",0,0,0,0,0,0,0,0,0,0,0,0,0,0,0,1,0,0,0
"Litton, Andrew",0,0,0,0,0,0,0,0,0,0,0,0,0,0,0,9,0,0,0
"Miller, David Alan",0,0,0,0,0,0,0,0,0,0,0,0,0,0,0,9,7,0,0
"Luisi, Fabio",0,0,0,0,0,0,0,0,0,0,0,0,0,0,0,6,0,0,0
"Wigglesworth, Mark",0,0,0,0,0,0,0,0,0,0,0,0,0,0,0,3,0,0,0
"Vonk, Hans",0,0,0,0,0,0,0,0,0,0,0,0,0,0,0,2,0,0,0
"Smith, André Raphel",0,0,0,0,0,0,0,0,0,0,0,0,0,0,0,5,0,0,0
"Gier, Delta David",0,0,0,0,0,0,0,0,0,0,0,0,0,0,0,5,136,0,0
"Viotti, Marcello",0,0,0,0,0,0,0,0,0,0,0,0,0,0,0,0,12,0,0
"Tovey, Bramwell",0,0,0,0,0,0,0,0,0,0,0,0,0,0,0,0,622,326,13
"Volkov, Ilan",0,0,0,0,0,0,0,0,0,0,0,0,0,0,0,0,7,2,0
"Biller, Georg Christopher",0,0,0,0,0,0,0,0,0,0,0,0,0,0,0,0,2,0,0
"Henderson, Luther",0,0,0,0,0,0,0,0,0,0,0,0,0,0,0,0,2,0,0
"Abbado, Roberto",0,0,0,0,0,0,0,0,0,0,0,0,0,0,0,0,5,0,0
"Robertson, David",0,0,0,0,0,0,0,0,0,0,0,0,0,0,0,0,157,58,5
"Eddins, William",0,0,0,0,0,0,0,0,0,0,0,0,0,0,0,0,17,0,0
"Gilbert, Alan",0,0,0,0,0,0,0,0,0,0,0,0,0,0,0,0,394,1593,0
"Gardiner, John Eliot",0,0,0,0,0,0,0,0,0,0,0,0,0,0,0,0,2,0,0
"Metzmacher, Ingo",0,0,0,0,0,0,0,0,0,0,0,0,0,0,0,0,4,0,0
"Daniel, Paul",0,0,0,0,0,0,0,0,0,0,0,0,0,0,0,0,8,0,0
"Fisch, Asher",0,0,0,0,0,0,0,0,0,0,0,0,0,0,0,0,62,0,0
"Gamba, Rumon",0,0,0,0,0,0,0,0,0,0,0,0,0,0,0,0,19,0,0
"Oramo, Sakari",0,0,0,0,0,0,0,0,0,0,0,0,0,0,0,0,21,10,0
"Richman, Lucas",0,0,0,0,0,0,0,0,0,0,0,0,0,0,0,0,25,0,0
"Sheng, Bright",0,0,0,0,0,0,0,0,0,0,0,0,0,0,0,0,5,0,0
"Spano, Robert",0,0,0,0,0,0,0,0,0,0,0,0,0,0,0,0,9,0,0
"Vanska [Vänskä], Osmo",0,0,0,0,0,0,0,0,0,0,0,0,0,0,0,0,4,0,0
"Neale, Alasdair",0,0,0,0,0,0,0,0,0,0,0,0,0,0,0,0,10,0,0
"Noseda, Gianandrea",0,0,0,0,0,0,0,0,0,0,0,0,0,0,0,0,17,5,0
"Pippin, Donald",0,0,0,0,0,0,0,0,0,0,0,0,0,0,0,0,29,0,0
"Kahane, Jeffrey",0,0,0,0,0,0,0,0,0,0,0,0,0,0,0,0,14,44,0
"McGegan, Nicholas",0,0,0,0,0,0,0,0,0,0,0,0,0,0,0,0,61,0,0
"Zhang, Xian",0,0,0,0,0,0,0,0,0,0,0,0,0,0,0,0,114,0,0
"Williams, John",0,0,0,0,0,0,0,0,0,0,0,0,0,0,0,0,73,17,0
"Pappano, Antonio",0,0,0,0,0,0,0,0,0,0,0,0,0,0,0,0,20,4,0
"Perlman, Itzhak",0,0,0,0,0,0,0,0,0,0,0,0,0,0,0,0,9,5,0
"Gilbert, Alan;  Minczuk, Roberto",0,0,0,0,0,0,0,0,0,0,0,0,0,0,0,0,1,0,0
"Russell, John Morris",0,0,0,0,0,0,0,0,0,0,0,0,0,0,0,0,14,0,0
"Pereira, Joseph",0,0,0,0,0,0,0,0,0,0,0,0,0,0,0,0,1,0,0
"Graf, Hans",0,0,0,0,0,0,0,0,0,0,0,0,0,0,0,0,10,5,0
"Sperling, Ted",0,0,0,0,0,0,0,0,0,0,0,0,0,0,0,0,32,156,0
"Prieto, Carlos Miguel",0,0,0,0,0,0,0,0,0,0,0,0,0,0,0,0,2,0,0
"Franck, Mikko",0,0,0,0,0,0,0,0,0,0,0,0,0,0,0,0,4,0,0
"Willis, Alastair",0,0,0,0,0,0,0,0,0,0,0,0,0,0,0,0,5,0,0
"Zacharias, Christian",0,0,0,0,0,0,0,0,0,0,0,0,0,0,0,0,4,0,0
"Hickox, Richard",0,0,0,0,0,0,0,0,0,0,0,0,0,0,0,0,1,0,0
"Sobol, Mordechai",0,0,0,0,0,0,0,0,0,0,0,0,0,0,0,0,12,0,0
"Nott, Jonathan",0,0,0,0,0,0,0,0,0,0,0,0,0,0,0,0,13,0,0
"Outwater, Edwin",0,0,0,0,0,0,0,0,0,0,0,0,0,0,0,0,8,3,0
"Morlot, Ludovic",0,0,0,0,0,0,0,0,0,0,0,0,0,0,0,0,42,17,0
"Brunelle, Philip",0,0,0,0,0,0,0,0,0,0,0,0,0,0,0,0,27,0,0
"Regan, Jay",0,0,0,0,0,0,0,0,0,0,0,0,0,0,0,0,1,0,0
"Tovey, Bramwell;  Regan, Jay",0,0,0,0,0,0,0,0,0,0,0,0,0,0,0,0,1,0,0
"Sobol, Mordechai;  Lazar, Matthew",0,0,0,0,0,0,0,0,0,0,0,0,0,0,0,0,13,0,0
"Adelson, Michael",0,0,0,0,0,0,0,0,0,0,0,0,0,0,0,0,7,10,0
"Labadie, Bernard",0,0,0,0,0,0,0,0,0,0,0,0,0,0,0,0,7,71,0
"Bicket, Harry",0,0,0,0,0,0,0,0,0,0,0,0,0,0,0,0,50,4,0
"Mickelthwate, Alexander",0,0,0,0,0,0,0,0,0,0,0,0,0,0,0,0,13,0,0
"Fisher, Rob",0,0,0,0,0,0,0,0,0,0,0,0,0,0,0,0,1,37,0
"Gaffigan, James",0,0,0,0,0,0,0,0,0,0,0,0,0,0,0,0,9,10,0
"Aron, Adam",0,0,0,0,0,0,0,0,0,0,0,0,0,0,0,0,1,0,0
"Musiker, Lee",0,0,0,0,0,0,0,0,0,0,0,0,0,0,0,0,66,0,0
"Dudamel, Gustavo",0,0,0,0,0,0,0,0,0,0,0,0,0,0,0,0,11,7,0
"Jordan, Philippe",0,0,0,0,0,0,0,0,0,0,0,0,0,0,0,0,15,13,0
"Boreyko, Andrey",0,0,0,0,0,0,0,0,0,0,0,0,0,0,0,0,68,29,0
Barnard School for Boys Glee Club,0,0,0,0,0,0,0,0,0,0,0,0,0,0,0,0,1,0,0
"Zhang, Yusong",0,0,0,0,0,0,0,0,0,0,0,0,0,0,0,0,1,0,0
"Smith, Philip",0,0,0,0,0,0,0,0,0,0,0,0,0,0,0,0,2,114,28
"Christie, Michael",0,0,0,0,0,0,0,0,0,0,0,0,0,0,0,0,4,0,0
"Hamlisch, Marvin",0,0,0,0,0,0,0,0,0,0,0,0,0,0,0,0,24,13,0
"Holtan, Timothy J.",0,0,0,0,0,0,0,0,0,0,0,0,0,0,0,0,23,0,0
"Tang, Argie",0,0,0,0,0,0,0,0,0,0,0,0,0,0,0,0,2,0,0
"Kaplan, Gilbert",0,0,0,0,0,0,0,0,0,0,0,0,0,0,0,0,1,0,0
"Koopman, Ton",0,0,0,0,0,0,0,0,0,0,0,0,0,0,0,0,48,0,0
"Boico, Daniel",0,0,0,0,0,0,0,0,0,0,0,0,0,0,0,0,59,34,0
"Muti, Riccardo;  Boico, Daniel",0,0,0,0,0,0,0,0,0,0,0,0,0,0,0,0,2,0,0
"Maazel, Lorin;  Bringuier, Lionel",0,0,0,0,0,0,0,0,0,0,0,0,0,0,0,0,1,0,0
"Gramshammer, Sheika",0,0,0,0,0,0,0,0,0,0,0,0,0,0,0,0,1,0,0
"Lindberg, Magnus",0,0,0,0,0,0,0,0,0,0,0,0,0,0,0,0,5,0,0
"Yu, Long",0,0,0,0,0,0,0,0,0,0,0,0,0,0,0,0,5,72,0
"Boreyko, Andrey;  Yu, Long",0,0,0,0,0,0,0,0,0,0,0,0,0,0,0,0,1,0,0
"Kosloff, Alan",0,0,0,0,0,0,0,0,0,0,0,0,0,0,0,0,1,0,0
"Mutter, Anne-Sophie",0,0,0,0,0,0,0,0,0,0,0,0,0,0,0,0,0,3,0
"Francis, Michael",0,0,0,0,0,0,0,0,0,0,0,0,0,0,0,0,0,2,0
"Keene, Jim",0,0,0,0,0,0,0,0,0,0,0,0,0,0,0,0,0,46,0
"Nelsons, Andris",0,0,0,0,0,0,0,0,0,0,0,0,0,0,0,0,0,8,0
"Gilbert, Alan;  Domingo, Placido",0,0,0,0,0,0,0,0,0,0,0,0,0,0,0,0,0,1,0
"Harding, Daniel",0,0,0,0,0,0,0,0,0,0,0,0,0,0,0,0,0,11,0
"Dix, Brian",0,0,0,0,0,0,0,0,0,0,0,0,0,0,0,0,0,45,0
"Tansill, Dhuanne",0,0,0,0,0,0,0,0,0,0,0,0,0,0,0,0,0,1,0
"Newman, David",0,0,0,0,0,0,0,0,0,0,0,0,0,0,0,0,0,46,0
"Weilerstein, Joshua",0,0,0,0,0,0,0,0,0,0,0,0,0,0,0,0,0,105,0
"Brock, Timothy",0,0,0,0,0,0,0,0,0,0,0,0,0,0,0,0,0,7,0
"Riesman, Michael",0,0,0,0,0,0,0,0,0,0,0,0,0,0,0,0,0,1,0
"Scaglione, Case",0,0,0,0,0,0,0,0,0,0,0,0,0,0,0,0,0,91,0
"Schreier, Peter",0,0,0,0,0,0,0,0,0,0,0,0,0,0,0,0,0,4,0
"Gilbert, Alan;  Patalano, Louis",0,0,0,0,0,0,0,0,0,0,0,0,0,0,0,0,0,1,0
"van Zweden, Jaap",0,0,0,0,0,0,0,0,0,0,0,0,0,0,0,0,0,365,60
"Gilbert, Alan;  Tritle, Kent;  Weilerstein, Joshua",0,0,0,0,0,0,0,0,0,0,0,0,0,0,0,0,0,2,0
"Gilbert, Alan;  Lindberg, Magnus;  Pintscher, Matthias",0,0,0,0,0,0,0,0,0,0,0,0,0,0,0,0,0,1,0
"Gilbert, Alan;  Lindberg, Magnus;  Pintscher, Matthias;  Weilerstein, Joshua",0,0,0,0,0,0,0,0,0,0,0,0,0,0,0,0,0,1,0
"May, Peter",0,0,0,0,0,0,0,0,0,0,0,0,0,0,0,0,0,1,0
"Pintscher, Matthias",0,0,0,0,0,0,0,0,0,0,0,0,0,0,0,0,0,20,0
"Valcuha [Valčuha], Juraj",0,0,0,0,0,0,0,0,0,0,0,0,0,0,0,0,0,36,0
"Wedow, Gary Thor",0,0,0,0,0,0,0,0,0,0,0,0,0,0,0,0,0,2,0
"Ogren, Jayce",0,0,0,0,0,0,0,0,0,0,0,0,0,0,0,0,0,12,0
"Honeck, Manfred",0,0,0,0,0,0,0,0,0,0,0,0,0,0,0,0,0,78,0
"Suzuki, Masaaki",0,0,0,0,0,0,0,0,0,0,0,0,0,0,0,0,0,5,0
"Schiff, András",0,0,0,0,0,0,0,0,0,0,0,0,0,0,0,0,0,20,0
"Gilbert, Alan;  Scaglione, Case",0,0,0,0,0,0,0,0,0,0,0,0,0,0,0,0,0,2,0
"Bringuier, Lionel",0,0,0,0,0,0,0,0,0,0,0,0,0,0,0,0,0,5,0
"Megan, Kenneth W.",0,0,0,0,0,0,0,0,0,0,0,0,0,0,0,0,0,10,0
"Schafer, Oscar",0,0,0,0,0,0,0,0,0,0,0,0,0,0,0,0,0,1,0
"Herman, Karen",0,0,0,0,0,0,0,0,0,0,0,0,0,0,0,0,0,1,0
"Kitsopoulos, Constantine",0,0,0,0,0,0,0,0,0,0,0,0,0,0,0,0,0,70,0
"Manze, Andrew",0,0,0,0,0,0,0,0,0,0,0,0,0,0,0,0,0,5,0
"Mendoza, Vince",0,0,0,0,0,0,0,0,0,0,0,0,0,0,0,0,0,14,0
"Heras-Casado, Pablo",0,0,0,0,0,0,0,0,0,0,0,0,0,0,0,0,0,20,0
"Jurowski, Vladimir",0,0,0,0,0,0,0,0,0,0,0,0,0,0,0,0,0,35,0
"Goren, Neal",0,0,0,0,0,0,0,0,0,0,0,0,0,0,0,0,0,2,0
"Wachner, Julian",0,0,0,0,0,0,0,0,0,0,0,0,0,0,0,0,0,2,0
"Panicker, Vasudevan",0,0,0,0,0,0,0,0,0,0,0,0,0,0,0,0,0,1,0
"Undercofler, Jenny",0,0,0,0,0,0,0,0,0,0,0,0,0,0,0,0,0,2,0
"Noreen, Sandra",0,0,0,0,0,0,0,0,0,0,0,0,0,0,0,0,0,1,0
"Manahan, George",0,0,0,0,0,0,0,0,0,0,0,0,0,0,0,0,0,7,0
"Browning, Doe",0,0,0,0,0,0,0,0,0,0,0,0,0,0,0,0,0,3,0
"Tovey, Bramwell;  Browning, Doe",0,0,0,0,0,0,0,0,0,0,0,0,0,0,0,0,0,1,0
"Lewis, Courtney",0,0,0,0,0,0,0,0,0,0,0,0,0,0,0,0,0,97,0
"Urbanski, Krzysztof",0,0,0,0,0,0,0,0,0,0,0,0,0,0,0,0,0,2,0
"Mena, Juanjo",0,0,0,0,0,0,0,0,0,0,0,0,0,0,0,0,0,11,0
"Deneve [Denève], Stephane [Stéphane]",0,0,0,0,0,0,0,0,0,0,0,0,0,0,0,0,0,29,0
";  Gilbert, Alan",0,0,0,0,0,0,0,0,0,0,0,0,0,0,0,0,0,1,0
"Gersen, Joshua",0,0,0,0,0,0,0,0,0,0,0,0,0,0,0,0,0,170,0
"Daugherty, George",0,0,0,0,0,0,0,0,0,0,0,0,0,0,0,0,0,44,0
"Malkki [Mälkki], Susanna",0,0,0,0,0,0,0,0,0,0,0,0,0,0,0,0,0,14,0
"Wilson, Mikayla",0,0,0,0,0,0,0,0,0,0,0,0,0,0,0,0,0,1,0
"Gilbert, Alan;  Wilson, Mikayla",0,0,0,0,0,0,0,0,0,0,0,0,0,0,0,0,0,1,0
"Freer, Justin",0,0,0,0,0,0,0,0,0,0,0,0,0,0,0,0,0,6,0
"Wilkins, Thomas",0,0,0,0,0,0,0,0,0,0,0,0,0,0,0,0,0,67,0
"Ridder, Andre [André] de",0,0,0,0,0,0,0,0,0,0,0,0,0,0,0,0,0,17,0
"Macelaru, Cristian",0,0,0,0,0,0,0,0,0,0,0,0,0,0,0,0,0,16,0
"Glover, Jane",0,0,0,0,0,0,0,0,0,0,0,0,0,0,0,0,0,1,0
"Einhorn, Andy",0,0,0,0,0,0,0,0,0,0,0,0,0,0,0,0,0,34,0
"Storgards, John",0,0,0,0,0,0,0,0,0,0,0,0,0,0,0,0,0,9,0
"Douma, Jeffrey",0,0,0,0,0,0,0,0,0,0,0,0,0,0,0,0,0,1,0
"Karchin, Louis",0,0,0,0,0,0,0,0,0,0,0,0,0,0,0,0,0,3,0
"Huang, Frank",0,0,0,0,0,0,0,0,0,0,0,0,0,0,0,0,0,10,0
"Fulmer, David",0,0,0,0,0,0,0,0,0,0,0,0,0,0,0,0,0,5,0
"Rountree, Christopher",0,0,0,0,0,0,0,0,0,0,0,0,0,0,0,0,0,5,0
"Weiss, Timothy",0,0,0,0,0,0,0,0,0,0,0,0,0,0,0,0,0,7,0
"Sainte-Agathe, Valérie",0,0,0,0,0,0,0,0,0,0,0,0,0,0,0,0,0,3,0
";  Sainte-Agathe, Valérie",0,0,0,0,0,0,0,0,0,0,0,0,0,0,0,0,0,1,0
"Menaker, Dianne Berkun",0,0,0,0,0,0,0,0,0,0,0,0,0,0,0,0,0,2,0
"Jacobsen, Eric",0,0,0,0,0,0,0,0,0,0,0,0,0,0,0,0,0,6,0
"Baker, Deirdre",0,0,0,0,0,0,0,0,0,0,0,0,0,0,0,0,0,1,0
"Gilbert, Alan;  Baker, Deirdre",0,0,0,0,0,0,0,0,0,0,0,0,0,0,0,0,0,1,0
"Deak, Jon;  Konno, Takafumi;  Shimazu, Takehito",0,0,0,0,0,0,0,0,0,0,0,0,0,0,0,0,0,11,0
";  Konno, Takafumi",0,0,0,0,0,0,0,0,0,0,0,0,0,0,0,0,0,1,0
"Kavakos, Leonidas",0,0,0,0,0,0,0,0,0,0,0,0,0,0,0,0,0,5,0
"Westlake, Nigel",0,0,0,0,0,0,0,0,0,0,0,0,0,0,0,0,0,1,0
"Miller, Joseph",0,0,0,0,0,0,0,0,0,0,0,0,0,0,0,0,0,1,0
"Hrusa [Hrůša], Jakub",0,0,0,0,0,0,0,0,0,0,0,0,0,0,0,0,0,23,0
"Baker, James",0,0,0,0,0,0,0,0,0,0,0,0,0,0,0,0,0,1,0
"Chester, Kay",0,0,0,0,0,0,0,0,0,0,0,0,0,0,0,0,0,1,0
"Gilbert, Alan;  Chester, Kay",0,0,0,0,0,0,0,0,0,0,0,0,0,0,0,0,0,2,0
"Severinsen, Doc",0,0,0,0,0,0,0,0,0,0,0,0,0,0,0,0,0,1,0
"Kaufman, Richard",0,0,0,0,0,0,0,0,0,0,0,0,0,0,0,0,0,6,0
"Gardner, Edward",0,0,0,0,0,0,0,0,0,0,0,0,0,0,0,0,0,7,0
"Znaider, Nikolaj",0,0,0,0,0,0,0,0,0,0,0,0,0,0,0,0,0,5,0
"Gutman, Hank",0,0,0,0,0,0,0,0,0,0,0,0,0,0,0,0,0,2,0
To Be Announced,0,0,0,0,0,0,0,0,0,0,0,0,0,0,0,0,0,1,0
"Brunt, Hugh",0,0,0,0,0,0,0,0,0,0,0,0,0,0,0,0,0,1,0
"Sokhiev, Tugan",0,0,0,0,0,0,0,0,0,0,0,0,0,0,0,0,0,7,0
"New, Gemma",0,0,0,0,0,0,0,0,0,0,0,0,0,0,0,0,0,6,5
"Haim (Haïm), Emmanuelle",0,0,0,0,0,0,0,0,0,0,0,0,0,0,0,0,0,6,0
"Cohen, Jonathan",0,0,0,0,0,0,0,0,0,0,0,0,0,0,0,0,0,1,0
"Biloen, Peter",0,0,0,0,0,0,0,0,0,0,0,0,0,0,0,0,0,1,0
"Wong, Kahchun",0,0,0,0,0,0,0,0,0,0,0,0,0,0,0,0,0,6,0
"Dausgaard, Thomas",0,0,0,0,0,0,0,0,0,0,0,0,0,0,0,0,0,4,0
"Vaccariello, Patrick",0,0,0,0,0,0,0,0,0,0,0,0,0,0,0,0,0,15,0
"Joel, Alexander",0,0,0,0,0,0,0,0,0,0,0,0,0,0,0,0,0,13,0
"Lecce-Chong, Francesco",0,0,0,0,0,0,0,0,0,0,0,0,0,0,0,0,0,9,0
"Rouvali, Santtu-Matias",0,0,0,0,0,0,0,0,0,0,0,0,0,0,0,0,0,4,0
"Gemignani, Alexander",0,0,0,0,0,0,0,0,0,0,0,0,0,0,0,0,0,12,0
"Candillari, Daniela",0,0,0,0,0,0,0,0,0,0,0,0,0,0,0,0,0,1,7
"Langree [Langrée], Louis",0,0,0,0,0,0,0,0,0,0,0,0,0,0,0,0,0,5,0
"Bahl, Ankush Kumar",0,0,0,0,0,0,0,0,0,0,0,0,0,0,0,0,0,2,0
"Munoz [Muñoz], Tito",0,0,0,0,0,0,0,0,0,0,0,0,0,0,0,0,0,0,11
"Gonzalez-Granados [González-Granados], Lina",0,0,0,0,0,0,0,0,0,0,0,0,0,0,0,0,0,0,6
"Fleming, John",0,0,0,0,0,0,0,0,0,0,0,0,0,0,0,0,0,0,1
"Guerrero, Giancarlo",0,0,0,0,0,0,0,0,0,0,0,0,0,0,0,0,0,0,2
"Stasevska, Dalia",0,0,0,0,0,0,0,0,0,0,0,0,0,0,0,0,0,0,3
"Slobodeniouk, Dima",0,0,0,0,0,0,0,0,0,0,0,0,0,0,0,0,0,0,3
"Sorrell, Jeannette",0,0,0,0,0,0,0,0,0,0,0,0,0,0,0,0,0,0,1
